state,account length,international plan,total day minutes,total day calls,customer service calls,churn
KS,128,no,265.1,110,1,FALSE
OH,107,no,161.6,123,1,FALSE
NJ,137,no,243.4,114,0,FALSE
OH,84,yes,299.4,71,2,FALSE
OK,75,yes,166.7,113,3,FALSE
AL,118,yes,223.4,98,0,FALSE
MA,121,no,218.2,88,3,FALSE
MO,147,yes,157,79,0,FALSE
LA,117,no,184.5,97,1,FALSE
WV,141,yes,258.6,84,0,FALSE
IN,65,no,129.1,137,4,TRUE
RI,74,no,187.7,127,0,FALSE
IA,168,no,128.8,96,1,FALSE
MT,95,no,156.6,88,3,FALSE
IA,62,no,120.7,70,4,FALSE
NY,161,no,332.9,67,4,TRUE
ID,85,no,196.4,139,1,FALSE
VT,93,no,190.7,114,3,FALSE
VA,76,no,189.7,66,1,FALSE
TX,73,no,224.4,90,1,FALSE
FL,147,no,155.1,117,0,FALSE
CO,77,no,62.4,89,5,TRUE
AZ,130,no,183,112,0,FALSE
SC,111,no,110.4,103,2,FALSE
VA,132,no,81.1,86,0,FALSE
NE,174,no,124.3,76,3,FALSE
WY,57,no,213,115,0,FALSE
MT,54,no,134.3,73,3,FALSE
MO,20,no,190,109,0,FALSE
HI,49,no,119.3,117,1,FALSE
IL,142,no,84.8,95,2,FALSE
NH,75,no,226.1,105,1,FALSE
LA,172,no,212,121,3,FALSE
AZ,12,no,249.6,118,1,TRUE
OK,57,no,176.8,94,0,FALSE
GA,72,no,220,80,3,FALSE
AK,36,no,146.3,128,0,FALSE
MA,78,no,130.8,64,1,FALSE
AK,136,yes,203.9,106,3,FALSE
NJ,149,no,140.4,94,1,FALSE
GA,98,no,126.3,102,3,FALSE
MD,135,yes,173.1,85,0,TRUE
AR,34,no,124.8,82,2,FALSE
ID,160,no,85.8,77,3,FALSE
WI,64,no,154,67,1,FALSE
OR,59,no,120.9,97,2,FALSE
MI,65,no,211.3,120,3,FALSE
DE,142,no,187,133,2,FALSE
ID,119,no,159.1,114,5,TRUE
WY,97,no,133.2,135,1,FALSE
IA,52,no,191.9,108,3,FALSE
IN,60,no,220.6,57,1,FALSE
VA,10,no,186.1,112,2,FALSE
UT,96,no,160.2,117,2,FALSE
WY,87,no,151,83,5,TRUE
IN,81,no,175.5,67,1,FALSE
CO,141,no,126.9,98,1,FALSE
CO,121,no,198.4,129,3,TRUE
WI,68,no,148.8,70,3,FALSE
OK,125,no,229.3,103,1,FALSE
ID,174,no,192.1,97,1,FALSE
CA,116,no,268.6,83,2,FALSE
MN,74,no,193.7,91,2,FALSE
SD,149,no,180.7,92,3,FALSE
NC,38,no,131.2,98,2,FALSE
WA,40,no,148.1,74,2,FALSE
WY,43,yes,251.5,105,0,FALSE
MN,113,yes,125.2,93,0,FALSE
UT,126,no,211.6,70,1,FALSE
TX,150,no,178.9,101,4,TRUE
NJ,138,no,241.8,93,3,FALSE
MN,162,no,224.9,97,0,FALSE
NM,147,no,248.6,83,3,FALSE
NV,90,no,203.4,146,1,FALSE
HI,85,no,235.8,109,0,FALSE
MN,50,no,157.1,90,1,FALSE
DC,82,no,300.3,109,0,TRUE
NY,144,no,61.6,117,4,TRUE
MN,46,no,214.1,72,2,FALSE
MD,70,no,170.2,98,1,FALSE
WV,144,no,201.1,99,1,FALSE
OR,116,yes,215.4,104,3,FALSE
CO,55,no,165.6,123,3,FALSE
GA,70,no,249.5,101,1,FALSE
TX,106,no,210.6,96,2,TRUE
VT,128,no,179.3,104,0,FALSE
IN,94,no,157.9,105,4,TRUE
WV,111,no,214.3,118,1,FALSE
KY,74,no,154.1,104,2,FALSE
NJ,128,no,237.9,125,1,TRUE
DC,82,no,143.9,61,1,FALSE
LA,155,no,203.4,100,0,TRUE
AR,80,no,124.3,100,1,FALSE
ME,78,no,252.9,93,3,FALSE
AZ,90,no,179.1,71,3,FALSE
AK,104,no,278.4,106,1,FALSE
MT,73,no,160.1,110,0,FALSE
AZ,99,no,198.2,87,4,FALSE
MS,120,no,212.1,131,1,TRUE
ID,77,no,251.8,72,2,TRUE
IA,98,no,161.2,114,4,FALSE
MA,108,no,178.3,137,0,FALSE
VT,135,no,151.7,82,0,FALSE
KY,95,no,135,99,1,FALSE
IN,122,no,170.5,94,1,FALSE
AZ,95,no,238.1,65,4,FALSE
MI,36,no,281.4,102,2,FALSE
NM,93,no,117.9,131,1,FALSE
CO,141,no,148.6,91,1,FALSE
UT,157,no,229.8,90,3,FALSE
MI,120,no,165,100,1,FALSE
MA,103,no,185,117,2,FALSE
AL,98,no,161,117,4,FALSE
DE,125,no,126.7,108,1,FALSE
AZ,63,no,58.9,125,1,FALSE
ME,36,yes,196.8,89,0,TRUE
NJ,64,no,162.6,83,1,FALSE
NV,74,no,282.5,114,1,TRUE
MO,112,no,113.7,117,2,FALSE
ID,97,no,239.8,125,2,FALSE
NE,46,no,210.2,92,1,FALSE
TX,41,no,213.8,102,0,FALSE
MD,121,no,190.7,103,3,FALSE
MS,193,no,170.9,124,1,FALSE
NV,130,no,154.2,119,2,FALSE
AZ,85,no,201.4,52,1,FALSE
MS,162,no,70.7,108,4,TRUE
MS,61,no,187.5,124,4,TRUE
TX,92,no,91.7,90,2,FALSE
NE,131,no,214.2,115,3,FALSE
NE,90,no,145.5,92,3,FALSE
CA,75,no,166.3,125,1,FALSE
NJ,78,no,231,115,1,FALSE
TX,82,no,200.3,96,4,FALSE
AR,163,no,197,109,1,FALSE
AL,91,yes,129.9,112,3,FALSE
NY,75,no,175.8,97,5,FALSE
FL,91,no,203.1,106,3,FALSE
AK,127,no,183.2,117,1,FALSE
NV,113,no,205,101,2,FALSE
DE,110,no,148.5,115,1,FALSE
MD,120,no,200.3,68,0,FALSE
MI,157,no,192.6,107,3,FALSE
VT,103,no,246.5,47,1,FALSE
VT,117,yes,167.1,86,2,TRUE
MI,140,no,231.9,101,3,FALSE
WA,127,no,146.7,91,1,FALSE
UT,83,yes,271.5,87,1,FALSE
LA,121,no,181.5,121,1,FALSE
RI,145,no,257.7,97,2,FALSE
IA,113,no,193.8,99,1,FALSE
NE,117,no,102.8,119,1,FALSE
OH,65,no,187.9,116,1,FALSE
RI,56,no,226,112,1,FALSE
OK,96,no,260.4,115,5,FALSE
LA,151,no,178.7,116,0,FALSE
OH,83,no,337.4,120,0,TRUE
VA,139,no,157.6,129,0,FALSE
MO,6,no,183.6,117,1,FALSE
FL,115,no,142.1,124,1,FALSE
SC,87,no,136.3,97,0,FALSE
VA,141,no,217.1,110,0,FALSE
IA,141,no,187.5,99,3,FALSE
MI,62,no,98.9,103,1,FALSE
OK,146,no,206.3,151,1,FALSE
DE,92,no,243.1,92,2,FALSE
GA,185,no,189.8,126,1,FALSE
DC,148,no,202,102,1,FALSE
AZ,94,no,170.1,124,1,FALSE
AL,32,no,230.9,87,0,FALSE
CO,68,no,237.1,105,1,FALSE
NH,64,no,182.1,91,2,FALSE
NM,25,no,119.3,87,3,FALSE
OR,65,no,116.8,87,1,FALSE
LA,179,no,219.2,92,0,FALSE
NE,94,no,252.6,104,2,FALSE
MN,62,no,147.1,91,0,FALSE
MI,127,no,202.1,103,2,FALSE
AR,116,no,173.5,93,3,FALSE
KS,70,no,232.1,122,3,FALSE
WV,94,yes,197.1,125,4,FALSE
AK,126,no,58.2,94,5,TRUE
NY,67,no,115.6,111,2,FALSE
NH,19,no,186.1,98,2,FALSE
VA,170,yes,259.9,68,3,FALSE
NM,73,no,214.3,145,1,FALSE
NY,106,no,158.7,74,1,FALSE
AZ,93,no,271.6,71,2,FALSE
WY,164,no,160.6,111,1,FALSE
WA,51,no,232.4,109,1,FALSE
CO,107,no,133.8,85,0,FALSE
TX,130,no,176.9,109,1,FALSE
KY,80,no,209.9,74,2,FALSE
MT,94,no,137.5,118,0,FALSE
OK,118,no,289.5,52,1,FALSE
MD,117,no,198.1,86,1,FALSE
TN,78,no,149.7,119,0,FALSE
TX,208,no,326.5,67,2,TRUE
ME,131,yes,292.9,101,4,TRUE
DC,63,no,83,64,0,FALSE
MN,53,no,145.7,146,3,FALSE
DE,62,no,182.3,101,2,FALSE
MD,97,no,218,86,3,FALSE
MI,105,no,140.6,109,2,FALSE
WA,157,no,152.7,105,1,FALSE
MO,66,no,106.7,76,1,FALSE
IN,122,no,243.8,98,2,FALSE
OR,38,no,194.4,94,3,FALSE
MD,106,no,213.9,95,3,FALSE
RI,99,no,217.2,112,3,FALSE
LA,99,no,241.1,72,1,FALSE
AZ,144,yes,203.5,100,0,FALSE
PA,82,no,155.2,131,1,FALSE
AZ,86,no,167.6,139,1,FALSE
FL,70,yes,226.7,98,2,TRUE
LA,93,no,179.3,93,3,FALSE
FL,93,no,151.4,89,0,FALSE
FL,120,no,180,80,3,FALSE
MD,136,no,250.2,121,1,TRUE
AL,106,no,223,121,0,FALSE
WA,81,no,183.6,116,3,FALSE
TN,127,no,166,114,1,FALSE
MS,65,no,136.1,112,1,FALSE
ME,35,no,149.3,113,2,FALSE
OK,88,no,65.4,97,2,FALSE
IN,65,no,213.4,111,1,FALSE
MO,123,no,206.9,85,3,FALSE
IA,126,no,186.2,78,2,FALSE
VA,104,no,280.2,136,4,FALSE
KY,45,no,196.6,84,0,FALSE
MD,93,yes,312,109,0,TRUE
OH,63,yes,199,110,1,FALSE
OK,100,no,203.1,96,3,FALSE
NV,53,no,168.8,97,0,FALSE
ID,92,yes,173.1,140,1,FALSE
MN,139,no,134.4,106,5,TRUE
SD,110,no,202.6,103,2,FALSE
IL,110,no,74.5,117,3,FALSE
WY,215,no,83.6,148,0,FALSE
AL,73,no,192.2,86,1,FALSE
NJ,138,no,220.2,89,0,FALSE
NV,137,yes,135.1,95,2,TRUE
IN,36,no,253.4,77,1,FALSE
WV,85,no,225,81,3,FALSE
VA,108,no,198.5,99,0,TRUE
SC,22,no,110.3,107,0,FALSE
RI,107,no,60,102,0,FALSE
IN,51,no,214.8,94,0,FALSE
AZ,94,no,181.8,85,4,FALSE
NM,119,no,154,114,2,FALSE
OR,33,no,157.4,99,4,TRUE
NJ,106,no,207.9,91,4,FALSE
MS,82,no,207,90,3,FALSE
MI,86,no,119,101,0,FALSE
TX,97,yes,143.7,117,0,FALSE
FL,106,no,165.9,126,4,FALSE
DC,108,no,138.6,122,1,FALSE
TX,114,no,84.7,118,1,FALSE
KS,92,yes,62.6,111,1,TRUE
UT,59,no,155.2,79,1,FALSE
MN,24,no,164.9,110,1,FALSE
IL,151,no,134.5,88,1,FALSE
NM,117,no,143.3,103,1,FALSE
SC,78,no,168.3,110,1,FALSE
NC,155,no,262.4,55,2,FALSE
WV,114,no,206.2,79,1,FALSE
RI,114,no,225.8,94,4,FALSE
NH,119,no,138.3,89,3,FALSE
MO,64,no,94.4,104,0,FALSE
MA,118,yes,160,123,2,FALSE
PA,101,no,206.6,105,0,FALSE
OK,117,no,134.7,121,1,FALSE
AL,49,no,214.4,78,3,FALSE
WY,139,no,192.8,104,3,FALSE
PA,92,no,151.1,90,1,FALSE
WA,83,no,221.4,103,3,FALSE
HI,148,yes,218.9,88,0,FALSE
SD,144,no,189.8,96,2,TRUE
AL,131,no,192.7,85,2,FALSE
VT,146,yes,204.4,135,3,FALSE
MT,143,no,172.3,97,2,FALSE
MN,81,no,198.4,93,2,FALSE
AK,48,no,211.7,115,1,FALSE
MI,86,no,221.6,74,1,FALSE
DE,71,no,197.9,108,3,FALSE
SD,145,no,147.5,90,2,FALSE
MI,137,no,206.4,122,2,FALSE
KS,137,no,205.9,88,2,FALSE
AL,167,no,207.6,88,0,FALSE
OK,89,no,303.9,95,1,TRUE
CT,199,no,230.6,121,0,FALSE
NE,132,no,99.5,110,0,FALSE
WI,94,no,177.1,112,1,FALSE
CT,96,no,172.7,93,5,TRUE
WI,96,no,172.7,86,1,FALSE
IN,166,no,204.2,115,1,FALSE
DC,74,no,85.7,83,2,FALSE
AR,36,no,157.6,117,0,FALSE
ME,113,no,215.5,129,4,FALSE
MN,94,no,181.5,98,1,FALSE
MD,67,no,171.7,80,2,FALSE
FL,127,no,266.6,106,1,TRUE
RI,121,no,170.4,108,0,TRUE
IA,158,no,158,106,1,FALSE
AZ,136,no,92,117,1,FALSE
MO,196,no,234,109,2,FALSE
VT,113,no,272.1,111,1,TRUE
IN,122,no,296.4,99,4,TRUE
RI,112,no,194.4,101,0,FALSE
SD,209,no,227.2,128,3,FALSE
MN,62,no,248.7,109,1,TRUE
TX,110,no,236.3,102,1,FALSE
VA,16,no,205.6,69,0,FALSE
MA,73,no,94.1,136,0,FALSE
ID,128,no,125.2,99,0,FALSE
MA,39,no,60.4,158,1,FALSE
GA,103,no,121,105,2,FALSE
RI,119,no,117.8,66,3,FALSE
ID,173,no,232.4,96,3,FALSE
SD,128,yes,223.5,81,2,TRUE
MA,86,no,176.3,79,0,FALSE
WY,114,no,125.2,79,1,FALSE
VA,104,no,138.7,107,0,FALSE
OR,148,no,86.3,134,1,FALSE
VA,129,no,207,91,3,FALSE
ME,100,no,58.8,104,0,FALSE
AL,121,no,68.7,95,1,FALSE
GA,143,no,239.2,109,1,FALSE
IA,76,no,198.3,130,0,FALSE
AZ,158,no,205.2,97,0,FALSE
FL,116,no,192.1,98,3,FALSE
MT,54,no,272.6,83,1,TRUE
AL,86,no,128.3,121,7,TRUE
DE,108,no,169.6,99,0,FALSE
MT,66,no,201.3,95,1,FALSE
KY,151,no,214.7,97,1,FALSE
SC,99,no,169.2,70,0,FALSE
WA,55,no,194.1,121,2,FALSE
OR,77,no,233.8,104,2,FALSE
AK,78,no,225.1,67,0,FALSE
GA,89,no,213,63,1,TRUE
MN,101,no,183.9,115,1,FALSE
IL,44,no,221.8,105,0,FALSE
IN,98,no,64.6,98,2,FALSE
SC,64,no,154.6,92,1,FALSE
VA,141,no,260.2,131,3,FALSE
WI,81,no,161.6,117,1,FALSE
VT,162,no,220.6,117,1,FALSE
AZ,83,no,155.9,122,3,FALSE
FL,100,no,107,63,4,TRUE
AK,59,no,182.5,104,4,FALSE
AR,179,yes,220.1,78,4,FALSE
AR,79,no,152.2,112,1,FALSE
AK,117,no,181.5,95,2,FALSE
MS,64,yes,236.2,77,2,TRUE
ME,31,no,166.1,105,1,FALSE
CA,124,yes,244.6,89,1,FALSE
NM,122,no,134.2,85,2,FALSE
NE,37,yes,149.7,122,1,FALSE
SC,90,no,150.1,109,1,FALSE
CO,159,yes,257.1,53,1,TRUE
DE,148,no,124.4,83,0,FALSE
OH,39,no,141.7,121,1,FALSE
MS,77,no,230,87,2,FALSE
OK,194,no,162.3,88,0,FALSE
CO,154,no,350.8,75,1,TRUE
NC,112,no,193.3,96,4,FALSE
MD,45,no,78.2,127,1,FALSE
KS,132,no,83.4,110,1,FALSE
MA,128,no,195.6,99,0,FALSE
NC,135,no,201.8,81,1,FALSE
NM,56,no,197,110,2,FALSE
CA,151,yes,218,57,0,TRUE
NY,32,no,164.8,98,2,FALSE
AZ,90,no,179.2,77,2,FALSE
SD,87,no,214,113,0,FALSE
DC,138,no,170.5,87,2,FALSE
ND,79,no,205.7,123,1,FALSE
MO,95,yes,165.5,84,1,TRUE
KS,127,no,221,100,2,FALSE
SD,137,no,242.1,118,3,FALSE
OK,97,no,151.6,107,1,FALSE
OR,149,yes,176.2,87,0,FALSE
IN,117,yes,196,82,1,FALSE
OH,84,no,159.5,125,2,FALSE
KS,137,no,230.2,113,4,FALSE
CT,99,no,146.7,64,3,FALSE
NH,54,no,210.5,102,1,FALSE
WI,85,no,102,95,1,FALSE
MS,150,no,126,99,3,FALSE
WV,43,no,168.4,125,1,FALSE
MA,35,no,105.6,129,0,FALSE
MD,98,no,206.5,92,5,FALSE
PA,112,no,217.1,76,2,FALSE
WI,16,no,229.6,78,0,TRUE
TN,98,no,278.3,89,0,FALSE
TX,84,no,138.6,102,0,FALSE
OR,94,no,234.4,103,1,TRUE
IL,84,no,181.5,129,1,FALSE
DC,66,no,167.3,91,1,TRUE
GA,98,no,121,105,1,FALSE
ID,74,no,221.1,124,0,FALSE
UT,96,no,145.8,108,1,FALSE
KY,119,no,222.8,122,1,FALSE
OH,73,no,183.4,80,4,FALSE
WI,92,yes,264.3,91,0,FALSE
IL,21,no,146,78,0,FALSE
DE,122,no,157.1,134,4,TRUE
RI,133,yes,127.3,108,1,FALSE
TX,145,no,187.9,110,2,FALSE
OR,25,no,178.8,90,2,FALSE
NV,64,no,97.2,80,2,FALSE
NE,85,no,259.8,85,0,FALSE
MS,126,no,256.5,112,3,FALSE
OR,76,no,169.5,77,0,FALSE
DE,113,no,239.7,47,2,TRUE
DE,224,yes,171.5,99,1,TRUE
AZ,117,no,239.9,84,0,FALSE
SD,128,no,142.3,73,1,FALSE
NV,115,no,184.1,98,2,FALSE
NM,141,no,206.9,126,2,FALSE
MN,51,no,259.9,114,1,FALSE
NJ,100,no,203.8,122,0,FALSE
IN,96,no,248.8,124,3,FALSE
DC,112,no,221.6,110,1,FALSE
MA,129,yes,192.9,131,1,FALSE
ME,163,no,122.4,129,1,FALSE
NH,67,no,104.9,65,1,FALSE
AZ,140,no,173.2,91,3,FALSE
OR,49,no,119.4,69,2,FALSE
KS,46,no,250.3,100,2,TRUE
NE,148,no,178.3,98,1,FALSE
MI,112,no,243.4,77,1,FALSE
SC,78,no,155,106,2,FALSE
PA,61,no,288.7,101,0,FALSE
MT,58,no,240.4,80,1,FALSE
NM,155,no,190.3,123,1,FALSE
OH,100,no,278,76,0,TRUE
WY,113,no,155,93,1,FALSE
MI,81,no,153.5,99,2,FALSE
AR,135,no,273.4,141,1,FALSE
FL,99,no,155.3,93,0,FALSE
AR,59,no,133.1,114,1,FALSE
MO,135,no,246.8,129,1,FALSE
WI,85,yes,165.4,107,2,FALSE
TX,70,no,59.5,103,0,FALSE
TX,88,no,138.3,116,3,FALSE
NM,55,no,286.7,100,2,FALSE
GA,75,no,117.3,114,1,FALSE
ID,79,no,264.3,79,4,FALSE
AL,85,no,127.9,107,0,FALSE
KS,86,no,225.5,107,0,FALSE
SD,91,no,149,115,0,FALSE
LA,149,no,198.9,77,1,FALSE
OH,97,no,256.4,125,1,TRUE
MA,88,no,264.8,124,1,TRUE
AZ,60,no,98.2,88,2,FALSE
KY,54,no,159.8,99,2,FALSE
DC,11,no,190.6,86,3,FALSE
WA,109,no,184,120,0,FALSE
UT,90,no,261.8,128,1,FALSE
RI,115,no,147.9,109,3,FALSE
OH,144,no,106.4,109,1,FALSE
NV,91,no,133.7,75,0,FALSE
ND,105,no,193.5,85,0,FALSE
NV,71,yes,178.2,113,3,TRUE
FL,132,no,226.2,103,3,TRUE
MD,112,no,170.4,103,1,FALSE
AZ,86,no,70.9,163,3,FALSE
AL,41,no,194.4,63,2,FALSE
NE,44,no,240.3,146,1,FALSE
NV,78,no,75,116,3,FALSE
IL,149,no,69.1,117,1,FALSE
WV,72,no,96.6,59,4,TRUE
MI,139,no,214.6,101,0,FALSE
AR,74,no,148.5,111,3,FALSE
UT,50,no,258.1,106,1,FALSE
GA,141,no,149.7,112,3,FALSE
AZ,140,no,149.8,134,1,FALSE
ID,99,no,190.4,102,2,FALSE
HI,166,no,181.4,108,1,FALSE
NV,124,no,151.1,123,1,FALSE
MD,74,no,155.7,116,0,FALSE
GA,117,no,149.9,95,2,FALSE
GA,85,no,222.3,132,3,FALSE
UT,36,no,149.4,111,0,FALSE
MA,102,yes,233.8,103,0,FALSE
IN,76,no,204.2,100,0,FALSE
VT,165,no,242.9,126,1,FALSE
IA,130,no,150.4,119,1,FALSE
IN,78,no,208.9,119,0,FALSE
AL,55,yes,191.9,91,1,TRUE
ME,92,yes,130.7,113,2,TRUE
RI,129,no,119.6,104,2,FALSE
MD,18,no,273.6,93,1,FALSE
FL,161,yes,156.1,114,2,FALSE
CA,93,no,178.7,134,2,FALSE
AL,144,no,177.5,93,2,FALSE
ME,75,yes,211.3,61,4,TRUE
WV,95,no,175.2,91,1,FALSE
SD,126,no,114.3,102,3,FALSE
FL,124,no,251.4,104,1,FALSE
MI,93,yes,216.9,61,1,TRUE
MI,109,yes,217.2,138,0,FALSE
NM,80,no,206.3,97,0,FALSE
AK,41,no,159.3,66,1,FALSE
OH,136,no,143.1,88,2,FALSE
MO,92,no,154,122,3,TRUE
KS,143,no,186.6,69,1,FALSE
MS,118,no,170.8,114,5,TRUE
VT,193,no,124,102,1,FALSE
NE,73,no,198.3,94,3,FALSE
VA,62,no,172.8,101,2,FALSE
DE,30,no,217.4,74,0,FALSE
AL,60,yes,265.9,113,0,TRUE
ID,148,no,93.6,137,1,FALSE
MS,96,no,98.2,100,2,FALSE
OK,52,no,214.7,68,2,FALSE
NM,87,no,168.2,92,1,FALSE
WI,41,no,202.9,97,3,FALSE
WV,112,no,261.4,108,1,FALSE
SC,88,no,73.3,86,4,TRUE
KY,122,no,253.7,84,7,FALSE
MO,61,no,45,108,2,FALSE
IL,87,no,231.3,105,1,FALSE
OK,176,no,47.4,125,2,FALSE
MI,30,no,227.4,88,0,FALSE
NJ,95,no,40.9,126,0,FALSE
ID,46,no,124.8,133,2,FALSE
DC,100,yes,68.5,110,0,FALSE
NY,47,no,163.5,77,2,FALSE
AL,77,no,163,112,2,FALSE
OR,98,no,213.7,61,2,FALSE
OK,125,no,201.3,117,1,FALSE
LA,67,no,310.4,97,4,FALSE
NE,194,no,48.4,101,1,FALSE
TX,128,no,171.2,88,1,FALSE
UT,190,no,166.5,93,0,FALSE
OR,165,no,216.6,126,0,FALSE
NY,59,no,107.8,113,2,FALSE
AL,47,no,141.3,94,1,FALSE
RI,150,no,209.9,77,0,FALSE
MN,152,yes,237.5,120,9,TRUE
NC,26,no,234.5,109,3,FALSE
MD,79,no,103.1,90,3,FALSE
RI,95,no,129.5,106,1,FALSE
WI,69,yes,279.8,90,2,TRUE
VT,95,yes,136.8,91,5,TRUE
CT,31,no,100.1,54,0,FALSE
OK,121,no,237.1,63,4,FALSE
AK,111,no,172.8,58,4,TRUE
NY,157,no,224.5,111,2,FALSE
GA,44,no,288.1,112,3,TRUE
UT,61,yes,78.2,103,2,FALSE
NM,65,no,148.7,80,2,FALSE
NE,74,no,194.6,84,2,FALSE
NJ,123,no,159.5,77,0,FALSE
TX,58,no,194.5,110,1,FALSE
MT,74,no,174.1,96,2,TRUE
CO,125,no,131.8,97,2,FALSE
VT,80,no,160.6,103,1,FALSE
RI,53,no,146.8,107,0,FALSE
WY,99,no,200.7,88,1,FALSE
ID,99,no,145.6,106,1,FALSE
CT,66,no,229.4,104,2,FALSE
ME,97,no,211,76,3,FALSE
AZ,75,no,121.5,97,2,FALSE
MD,85,yes,216,73,2,FALSE
IN,108,no,293,88,2,FALSE
NC,133,yes,221.1,137,2,TRUE
DE,51,no,181.5,108,1,FALSE
MN,186,no,74.3,107,2,FALSE
WI,44,yes,62.3,92,1,FALSE
FL,64,no,228.6,88,3,FALSE
WV,44,no,228.1,121,2,TRUE
SD,114,no,309.9,90,1,FALSE
FL,92,no,201.9,74,3,FALSE
OR,110,no,149.8,112,2,FALSE
CO,90,no,183.8,76,1,FALSE
CT,72,no,186.7,108,1,FALSE
IN,113,no,209.4,151,1,TRUE
PA,171,no,223.2,77,3,FALSE
NM,104,no,164.2,109,1,FALSE
ME,165,no,150.5,75,1,FALSE
SD,104,no,234.2,128,0,TRUE
AR,110,no,55.3,102,1,FALSE
TX,90,yes,221.8,97,1,FALSE
NH,114,no,169.6,85,1,FALSE
OK,101,no,89.7,118,5,TRUE
WI,117,no,80.2,81,1,FALSE
AL,109,no,218.9,105,2,FALSE
PA,82,no,125.7,96,1,FALSE
OK,92,no,176.3,85,2,FALSE
ME,82,no,207.2,111,2,FALSE
WV,90,no,205.7,138,2,FALSE
HI,87,no,151.4,95,1,FALSE
MN,124,no,157.5,70,3,FALSE
NY,39,no,160.4,68,2,FALSE
AZ,84,no,159,80,1,FALSE
OH,75,no,214.1,62,0,FALSE
MI,102,no,102.6,89,2,FALSE
MA,62,yes,159.7,86,0,TRUE
WV,143,no,202.8,109,1,FALSE
MI,53,no,57.5,95,3,FALSE
NM,30,no,169.9,144,1,FALSE
MO,112,no,335.5,77,2,TRUE
RI,129,no,139.5,119,0,FALSE
NC,63,no,142.3,107,1,FALSE
WY,28,no,187.8,94,0,FALSE
WY,111,no,146.2,55,3,FALSE
PA,91,no,231.8,120,3,FALSE
KY,90,no,193.7,83,1,FALSE
OR,151,no,156.4,108,4,FALSE
NV,105,yes,220.7,82,1,TRUE
DC,41,no,239.8,110,2,FALSE
UT,48,no,172,111,1,FALSE
WA,166,yes,128.2,138,2,FALSE
FL,79,no,130.2,119,3,FALSE
VA,153,no,195.4,107,1,FALSE
KS,110,yes,293.3,79,0,TRUE
KS,163,no,191.3,89,1,FALSE
DC,126,no,122.4,88,1,FALSE
ME,105,no,209.6,68,2,FALSE
LA,172,no,215.7,140,3,FALSE
DC,126,no,161.4,110,0,FALSE
TX,97,no,144.2,91,3,FALSE
NJ,95,yes,220.2,109,0,TRUE
DE,87,no,256.2,105,4,FALSE
VT,97,no,112.7,119,1,FALSE
GA,76,no,299.5,125,0,TRUE
TX,140,no,194.8,107,0,FALSE
MT,169,no,100.8,112,0,FALSE
ND,68,no,82.5,97,3,FALSE
NJ,122,no,146.4,104,2,FALSE
MO,36,no,177.9,129,2,FALSE
CO,120,no,153.5,84,5,FALSE
KS,121,no,150.7,105,1,FALSE
NC,64,no,180.1,106,0,FALSE
MT,13,no,265.3,94,1,FALSE
DE,106,no,128.6,83,0,FALSE
ND,88,no,161.5,92,2,FALSE
VA,74,no,165.3,120,1,FALSE
IL,83,no,195,92,0,FALSE
OK,49,no,213.8,79,0,FALSE
CO,111,no,205.5,114,1,FALSE
MT,50,no,252.9,112,3,FALSE
WV,153,no,235.6,74,0,FALSE
ME,88,no,192,91,1,FALSE
WI,131,no,69.1,122,0,FALSE
MO,79,no,261.7,97,3,TRUE
NY,140,no,235.5,81,2,FALSE
CT,105,no,213.4,100,1,FALSE
AR,54,no,206.9,143,3,FALSE
WY,87,no,263.8,65,3,FALSE
CA,96,no,183.4,126,1,FALSE
CA,79,no,157.6,85,5,TRUE
MN,55,no,175.6,147,0,FALSE
AK,130,no,242.5,101,2,FALSE
VA,34,no,151,102,0,FALSE
CO,139,no,138.1,103,1,FALSE
MT,109,no,264.7,69,1,TRUE
SD,65,no,282.3,70,1,FALSE
NE,63,no,211.2,80,0,FALSE
VT,152,no,197.1,126,3,FALSE
ND,147,no,205.3,95,1,FALSE
GA,112,no,181.8,110,2,FALSE
OR,120,no,252,120,2,FALSE
MT,27,no,193.8,102,0,FALSE
WY,171,no,231.2,135,1,FALSE
GA,101,no,200.1,108,0,FALSE
WV,32,no,266.7,109,1,FALSE
CT,3,no,118.1,117,2,FALSE
IL,151,no,175.3,106,0,FALSE
CO,60,no,125.1,99,3,FALSE
DE,119,no,176.8,90,1,FALSE
LA,43,no,241.9,101,1,FALSE
MA,42,no,241.2,134,0,FALSE
IN,84,no,217.1,99,1,FALSE
NY,65,no,195.4,110,0,FALSE
TX,75,yes,222.4,78,1,TRUE
KS,116,no,189.5,90,1,FALSE
WV,107,no,123.1,100,0,FALSE
NE,189,no,256.7,98,3,FALSE
ND,123,no,159.1,94,1,FALSE
AK,110,no,100.1,90,3,FALSE
CO,63,no,30.9,113,1,FALSE
ME,176,no,223.2,76,3,FALSE
SC,108,no,187.4,101,1,FALSE
MN,13,no,315.6,105,3,FALSE
CO,71,no,277.5,104,1,FALSE
KS,88,no,189.8,111,2,FALSE
MS,137,no,147.2,119,1,FALSE
NE,82,no,185.8,36,4,FALSE
NJ,92,no,155.4,110,3,FALSE
WI,165,no,154.2,91,6,FALSE
MT,96,no,97.6,98,1,FALSE
AR,156,no,178.8,94,1,FALSE
WA,63,no,149.3,104,0,FALSE
NH,37,no,206,89,0,FALSE
IA,98,no,216.8,86,0,FALSE
WV,121,no,103.3,110,0,FALSE
RI,94,no,139.4,95,0,FALSE
KS,99,no,191.2,110,1,FALSE
MT,163,no,160,104,1,FALSE
MO,161,no,221.7,95,3,FALSE
HI,99,no,62.9,81,1,FALSE
CO,108,no,215.6,78,1,FALSE
CT,84,no,165.3,97,3,FALSE
ID,83,yes,94.7,111,2,FALSE
DC,139,no,203.2,81,2,FALSE
TN,69,no,195.3,70,3,FALSE
WY,129,no,143.7,114,4,FALSE
MO,106,no,114.4,104,2,FALSE
VA,158,no,222.8,101,2,FALSE
SD,168,no,175.9,70,2,FALSE
WV,115,yes,249.9,95,1,TRUE
GA,57,yes,234.5,130,2,FALSE
AZ,67,no,210.7,116,1,FALSE
AK,127,no,182.3,124,1,FALSE
AK,78,no,190.3,88,2,FALSE
CT,100,no,177.1,88,0,FALSE
UT,103,no,87.2,92,6,TRUE
KY,113,no,215.6,96,1,FALSE
MI,78,no,137.4,109,3,FALSE
OR,129,no,192.8,103,1,FALSE
TN,57,no,149.3,100,2,FALSE
WV,82,no,143.7,116,1,FALSE
NJ,64,no,224.8,111,1,FALSE
MS,86,no,261.2,122,2,FALSE
ME,151,no,196.5,98,0,FALSE
WY,94,no,271.2,105,3,TRUE
WY,90,no,207.2,121,2,FALSE
IN,48,no,300.4,94,2,FALSE
NM,85,no,229.6,123,2,FALSE
NJ,93,yes,187.5,110,1,FALSE
DC,169,yes,57.1,98,3,FALSE
UT,68,no,162.1,86,5,TRUE
KY,91,yes,145,89,2,TRUE
KS,68,no,159.5,123,1,FALSE
MI,101,no,190.7,72,1,FALSE
UT,67,no,230.6,40,1,FALSE
NE,66,no,34,133,0,FALSE
FL,116,no,193.4,112,5,FALSE
LA,158,no,202,126,1,FALSE
MT,78,no,191.7,122,1,FALSE
WA,119,no,161.3,97,1,FALSE
MI,120,no,150.6,85,1,FALSE
KY,155,no,184.6,102,1,FALSE
LA,106,no,220.7,120,1,FALSE
NM,87,yes,167.3,119,1,FALSE
AL,146,no,154,80,3,FALSE
MO,101,no,121.1,116,0,FALSE
CO,22,no,182.1,94,3,FALSE
TX,90,no,109.6,88,2,FALSE
NY,41,no,209.9,105,1,FALSE
OR,69,no,167.5,76,2,FALSE
WY,33,no,213.9,88,2,FALSE
UT,112,no,115.8,108,1,FALSE
LA,108,no,276.6,99,2,FALSE
NV,136,no,179.4,88,2,FALSE
NC,128,no,187.3,84,1,FALSE
NC,27,no,201.2,128,2,FALSE
WY,161,yes,189.6,78,1,FALSE
TN,33,no,186.8,124,0,FALSE
FL,120,no,153.5,83,0,FALSE
CA,113,no,187.6,97,2,FALSE
PA,122,yes,230.9,132,0,TRUE
WV,148,no,244.9,150,2,FALSE
NJ,74,no,230.9,93,3,FALSE
MT,106,no,187.1,104,1,FALSE
MN,179,no,170.7,54,1,FALSE
WI,149,yes,126.9,97,5,TRUE
ID,77,no,189.5,112,0,FALSE
MA,127,yes,176.9,110,1,TRUE
OR,80,no,161.1,99,1,FALSE
MT,106,no,169.4,107,1,FALSE
AL,61,no,254.4,133,0,FALSE
ND,135,yes,127.7,54,2,FALSE
LA,115,no,170.5,107,6,FALSE
ND,167,yes,219.1,100,2,FALSE
MS,107,yes,273.5,104,2,FALSE
WV,112,yes,161.9,138,1,FALSE
WI,35,no,241.7,87,1,FALSE
KS,103,yes,62.8,124,3,FALSE
MO,107,no,281.1,83,1,FALSE
PA,69,no,228.2,70,3,FALSE
SD,85,no,209.8,82,0,FALSE
NJ,24,no,265.6,86,2,TRUE
AL,90,no,214.9,97,2,FALSE
ME,137,no,110.5,79,3,FALSE
AZ,92,yes,281.1,88,0,FALSE
VT,38,no,137.8,86,2,FALSE
NV,69,yes,271.5,98,1,TRUE
WI,45,no,112.8,108,2,FALSE
HI,73,no,187.3,118,1,FALSE
DE,92,no,197,84,1,FALSE
AZ,113,no,180.4,89,1,FALSE
VA,68,yes,148.5,126,1,TRUE
GA,135,no,197.1,113,2,FALSE
AZ,100,no,153.7,115,1,FALSE
MN,96,no,261.3,96,1,FALSE
ME,108,no,246.2,102,1,FALSE
FL,84,no,191,88,0,FALSE
WA,134,no,208.3,86,1,FALSE
MT,72,no,253,73,0,FALSE
AL,83,no,202.3,87,0,FALSE
WV,137,no,174.4,120,0,FALSE
GA,56,no,127.1,89,1,FALSE
OH,61,yes,143.5,76,0,FALSE
DE,171,no,186.9,94,1,FALSE
NE,123,no,194,118,1,FALSE
FL,58,no,234.8,89,0,FALSE
AK,156,no,123.7,96,1,FALSE
WI,166,no,173.9,103,0,FALSE
WA,75,no,130.9,115,1,FALSE
KY,75,no,314.6,102,2,TRUE
OH,83,no,227.9,78,1,FALSE
UT,243,no,95.5,92,2,FALSE
NM,153,no,185.3,127,1,FALSE
MN,150,no,146.3,133,1,FALSE
WV,92,no,184,99,2,FALSE
MN,80,no,105.8,110,0,FALSE
AL,134,no,178,110,1,FALSE
PA,77,no,149.4,74,1,FALSE
DE,147,no,209.4,104,2,FALSE
MO,74,no,172.1,105,1,FALSE
IL,138,yes,169.3,82,1,FALSE
FL,143,no,119.1,117,0,FALSE
HI,64,no,194.2,147,2,FALSE
ME,120,no,198.8,56,2,FALSE
CO,121,yes,167.7,94,3,TRUE
NH,88,no,202.2,86,2,FALSE
SC,87,no,322.5,106,2,TRUE
IN,100,no,216.2,107,0,FALSE
FL,104,no,76.4,116,3,FALSE
GA,27,no,72.7,75,1,FALSE
IL,81,no,210.4,100,0,FALSE
NC,64,yes,127.2,93,0,FALSE
VT,107,no,201.8,79,1,FALSE
DC,88,no,219.5,78,1,FALSE
VT,111,no,99.3,112,3,FALSE
NV,77,no,239.2,114,5,FALSE
OR,67,yes,120.9,58,2,FALSE
AL,102,no,224.7,81,1,FALSE
ND,146,no,176.6,88,1,FALSE
FL,144,no,283.9,98,1,FALSE
NE,96,no,180.6,92,1,TRUE
ND,70,no,125.9,101,1,FALSE
ME,149,no,237.6,79,0,FALSE
IL,129,no,198.4,91,2,FALSE
WA,166,no,274.3,110,0,FALSE
MA,136,yes,199.6,89,3,TRUE
KS,149,no,217.7,91,3,FALSE
RI,70,no,134.7,96,3,FALSE
MO,120,no,212.7,73,2,FALSE
IA,66,no,256.3,135,2,FALSE
WY,104,no,183.6,133,1,FALSE
NV,160,no,176.2,90,1,FALSE
WI,129,no,205,94,1,FALSE
AL,93,no,267.9,114,3,TRUE
HI,169,no,179.2,111,2,FALSE
MO,58,no,149.4,145,1,FALSE
CA,75,no,163.6,132,3,FALSE
MO,45,no,207.6,71,1,FALSE
CT,155,no,165.4,108,3,FALSE
MD,52,no,209.8,114,4,FALSE
OH,119,no,220.1,128,0,FALSE
NV,86,no,141.3,72,1,FALSE
MD,42,no,196.5,89,0,FALSE
NE,127,yes,180.9,114,2,FALSE
OH,123,no,105,150,0,FALSE
MA,98,no,271.4,119,4,TRUE
OK,149,no,206.7,79,1,FALSE
MA,160,no,166.8,109,1,FALSE
WA,103,no,204.9,107,5,FALSE
HI,132,no,154.6,128,1,FALSE
CO,137,no,127,107,1,FALSE
FL,129,yes,267.4,78,1,FALSE
WI,62,no,281,66,1,FALSE
ID,122,no,270.8,96,4,FALSE
WY,32,no,171.2,82,1,FALSE
GA,86,no,124.1,82,3,FALSE
FL,130,no,162.8,113,1,FALSE
WY,42,no,146.3,84,1,FALSE
DE,73,no,254.8,85,2,FALSE
ME,66,no,254.9,108,2,FALSE
DC,103,no,107.7,124,0,FALSE
IA,128,no,158.8,75,1,FALSE
CO,104,no,182.9,113,2,FALSE
MN,103,no,198.5,112,0,FALSE
VT,124,no,178.4,72,0,FALSE
AZ,87,no,110.9,91,1,FALSE
LA,109,no,166.9,85,1,TRUE
MO,167,yes,244.8,91,2,FALSE
ME,97,no,120.8,96,4,TRUE
MD,106,no,165.3,118,2,FALSE
VT,125,no,126.7,113,2,FALSE
DC,108,no,215.9,106,0,FALSE
WY,125,no,140.1,132,1,FALSE
VA,89,no,209.9,113,1,FALSE
VA,72,yes,139.8,114,0,FALSE
CT,23,no,321.6,107,2,TRUE
HI,149,no,166.6,61,7,FALSE
WI,73,no,214.2,90,0,FALSE
MD,61,no,260,123,1,TRUE
WV,161,no,191.9,113,4,TRUE
VT,73,no,213,95,0,FALSE
UT,118,no,118.1,83,1,FALSE
CO,23,no,190.2,89,6,FALSE
NC,127,no,82.2,95,0,FALSE
NJ,42,no,163.8,80,0,FALSE
AR,118,no,267.8,145,5,TRUE
IA,45,no,159.8,91,2,FALSE
GA,50,no,214.3,129,1,FALSE
MO,179,no,287.3,123,0,TRUE
MO,152,no,101.2,122,2,FALSE
WY,105,no,102.8,74,2,FALSE
HI,72,no,109.1,97,0,FALSE
PA,52,no,215.9,67,1,FALSE
TX,125,no,203.4,110,1,FALSE
VA,143,no,110.1,113,1,FALSE
RI,65,no,111,51,1,FALSE
WI,80,no,239.9,121,1,FALSE
MS,1,no,144.8,107,1,FALSE
KY,60,no,135.4,134,1,FALSE
NC,43,no,84.2,134,1,FALSE
NV,143,no,209.1,127,0,FALSE
UT,81,no,130.1,117,0,FALSE
ME,205,no,175.8,139,2,FALSE
HI,24,no,241.9,104,1,FALSE
OH,74,no,136.7,106,0,FALSE
WV,77,no,67.7,68,1,FALSE
OK,74,no,200.4,87,1,FALSE
KY,74,yes,125.8,103,1,TRUE
AL,200,no,128.2,87,1,FALSE
MD,86,no,226.3,88,4,FALSE
NE,91,no,162.3,107,0,FALSE
DC,76,no,224.4,121,2,FALSE
TX,130,no,120.5,127,1,FALSE
OH,56,no,91.1,90,2,FALSE
DE,117,no,168.8,137,0,FALSE
IA,63,no,153.5,81,2,FALSE
VT,126,no,226.2,88,0,FALSE
OR,132,no,191.9,107,1,FALSE
NV,81,no,167.9,147,4,TRUE
NC,122,no,180,88,2,FALSE
NJ,46,no,257.4,67,2,TRUE
MN,150,no,174.4,75,1,FALSE
ID,99,no,159.7,83,1,FALSE
AL,87,no,237.2,124,1,FALSE
AK,108,no,103,129,1,FALSE
VT,101,no,153.8,89,4,FALSE
PA,53,no,205.1,86,3,FALSE
AK,132,no,175.7,93,2,FALSE
CA,158,no,155.9,123,2,FALSE
MS,114,no,154.4,109,0,FALSE
AR,77,no,209.7,73,2,FALSE
NV,144,yes,150,69,0,FALSE
AL,91,no,232.4,97,3,FALSE
GA,58,no,165.4,100,2,FALSE
AR,5,no,199.2,106,3,FALSE
MA,97,no,217.6,81,0,FALSE
NJ,107,no,212.1,95,3,FALSE
MO,142,no,154,75,1,FALSE
NY,9,no,193.8,130,1,FALSE
AZ,73,no,175.4,130,0,FALSE
NJ,48,no,152,63,2,TRUE
WV,43,no,230.2,147,0,FALSE
NM,122,no,174.9,103,1,TRUE
SC,93,no,190.2,68,0,FALSE
VT,85,no,176.4,122,1,FALSE
TN,59,no,160.9,95,3,FALSE
LA,87,no,228.7,90,1,FALSE
OH,137,no,144,90,0,FALSE
OR,21,no,135.9,90,6,FALSE
DE,129,no,334.3,118,0,TRUE
KY,104,no,130.5,77,0,FALSE
GA,93,no,134.2,105,4,TRUE
VT,63,no,278,102,4,TRUE
OR,161,no,105.4,70,0,FALSE
TX,50,no,188.9,94,3,FALSE
MO,103,no,111.8,85,1,FALSE
ND,84,no,159.1,106,1,FALSE
MN,92,no,212.4,105,1,FALSE
NV,77,no,142.3,112,1,FALSE
NY,64,yes,346.8,55,1,TRUE
FL,159,no,113.9,102,1,FALSE
KS,110,yes,267.9,103,1,TRUE
NV,138,no,171.4,117,3,FALSE
NV,178,no,275.4,150,1,FALSE
SC,38,no,197.2,118,0,FALSE
MI,50,no,192.6,97,2,FALSE
MI,45,no,91.7,104,1,FALSE
TN,70,no,126.3,99,0,FALSE
NY,147,no,251.5,107,3,FALSE
NV,94,no,190.6,108,1,FALSE
IL,179,no,116.1,101,0,FALSE
MS,116,no,217.3,91,2,FALSE
ND,59,no,179.4,80,0,FALSE
NC,165,no,207.7,109,0,FALSE
MI,133,no,277.3,138,2,TRUE
TN,140,no,125.3,84,1,FALSE
VT,93,no,138.1,91,2,FALSE
OK,52,no,169.3,88,0,FALSE
DE,64,no,201.3,101,1,FALSE
ND,12,yes,216.7,117,2,FALSE
OR,48,no,190.4,92,2,FALSE
NY,181,no,143.3,91,1,FALSE
MO,168,no,97.4,57,2,FALSE
FL,155,no,181.4,111,3,FALSE
ND,105,no,246.4,83,0,FALSE
NY,11,no,143.4,130,2,FALSE
ND,182,no,104.9,111,2,FALSE
NY,104,no,156.2,93,1,FALSE
OH,102,no,114.8,125,0,FALSE
AL,122,no,232.5,96,0,FALSE
SC,41,no,143.6,117,1,FALSE
GA,132,no,176.7,132,2,FALSE
WY,76,no,263.4,148,1,TRUE
WV,13,no,146.4,74,1,FALSE
HI,115,no,145,72,2,FALSE
WV,67,no,167.8,91,1,FALSE
LA,154,no,166.9,99,0,FALSE
AR,100,no,142.5,87,2,FALSE
AK,146,yes,133,65,1,FALSE
DC,148,no,252.9,129,1,FALSE
AL,67,no,95,94,2,FALSE
UT,161,yes,194.2,106,1,TRUE
KS,70,no,222.8,114,1,FALSE
MN,116,no,201.8,82,0,FALSE
VA,99,no,216,125,2,TRUE
UT,87,no,146.3,108,1,FALSE
IN,87,no,234.8,85,1,FALSE
CT,70,no,198.6,111,2,FALSE
DE,131,no,94.4,80,2,FALSE
VT,119,no,190.4,74,2,FALSE
MO,119,no,142.6,77,3,FALSE
RI,87,yes,134.2,80,0,FALSE
CA,112,no,111.9,92,5,TRUE
RI,75,no,122.8,89,2,FALSE
CT,150,no,189.3,77,4,FALSE
IN,161,no,240.4,112,0,FALSE
FL,91,yes,93.5,112,0,FALSE
KS,124,no,158.6,104,3,FALSE
NY,94,yes,243.2,109,4,FALSE
TX,217,no,176.4,115,4,FALSE
RI,158,no,220.9,129,0,FALSE
NV,102,no,144.4,87,0,FALSE
UT,85,no,212.3,107,0,FALSE
OK,79,no,147,72,1,FALSE
MN,139,no,96.2,112,2,FALSE
NC,103,no,263.4,118,0,FALSE
OR,98,yes,12.5,67,1,FALSE
NH,78,no,162.3,116,2,FALSE
AK,50,no,183.6,107,1,FALSE
OR,161,no,178.1,109,1,FALSE
KS,67,no,201.4,101,0,FALSE
WV,86,no,123,158,1,FALSE
GA,92,no,208,125,0,FALSE
NM,174,no,239.2,72,1,FALSE
OH,124,no,193,97,1,FALSE
ND,132,no,174.5,101,1,FALSE
RI,190,no,116.7,71,1,FALSE
HI,101,no,93.8,127,1,FALSE
WY,185,yes,154.1,114,2,FALSE
NY,68,no,239.5,82,0,FALSE
KS,117,no,216,140,0,FALSE
LA,118,no,187.4,97,1,FALSE
PA,124,no,167.4,119,0,FALSE
NV,22,no,160.4,108,1,FALSE
MN,75,no,143.2,92,1,FALSE
PA,134,no,205.3,122,1,FALSE
MO,164,no,219.1,88,1,FALSE
NY,44,no,143.2,77,1,FALSE
ME,177,no,232.8,106,2,FALSE
NH,110,no,162,81,0,FALSE
WY,53,no,25.9,119,1,FALSE
NY,108,no,154.2,123,4,TRUE
ME,80,no,322.3,113,0,TRUE
MN,158,no,209.9,112,1,FALSE
OH,114,no,191.5,88,0,FALSE
NC,64,no,291.1,150,1,FALSE
SD,88,no,215.6,115,3,FALSE
UT,82,yes,208.8,101,3,FALSE
KY,111,no,255.9,97,3,FALSE
MT,60,no,252.7,97,2,FALSE
NJ,113,no,132.1,72,3,FALSE
FL,109,no,217,115,1,FALSE
IN,105,no,101.9,79,0,FALSE
DE,85,no,211.5,100,2,FALSE
AL,131,no,153.4,86,0,FALSE
ME,59,no,166.3,95,2,FALSE
SD,148,no,185.2,87,1,FALSE
VA,210,no,104.6,121,2,FALSE
AK,115,no,245.2,105,0,FALSE
ID,106,no,274.4,120,1,FALSE
RI,93,no,98.4,78,1,FALSE
KY,57,no,279.9,121,1,FALSE
ND,98,no,187.2,127,1,FALSE
HI,157,no,276.2,95,3,FALSE
WI,116,no,200.4,104,1,FALSE
WV,30,no,162.3,96,2,FALSE
NJ,111,no,176.9,128,4,TRUE
KS,52,no,165.5,78,0,FALSE
AL,72,no,217.8,93,4,FALSE
NJ,135,no,201.4,100,2,TRUE
NC,86,no,190.5,115,3,FALSE
DE,98,no,179.9,97,3,FALSE
WY,151,no,235.9,104,3,FALSE
ID,118,no,140.4,112,0,FALSE
NY,117,no,144.6,115,2,FALSE
MO,55,no,189,100,0,FALSE
ID,82,no,101,93,0,FALSE
IA,152,no,206.3,98,1,FALSE
TN,108,no,165.1,85,1,FALSE
OH,98,no,165,129,1,TRUE
IL,130,no,155.9,95,3,FALSE
FL,136,yes,199.2,122,1,FALSE
MA,47,no,155.3,116,3,FALSE
OK,189,no,208.3,106,3,FALSE
KY,107,no,157.1,79,1,FALSE
MI,91,no,154.4,165,5,TRUE
NE,159,no,189.1,105,1,TRUE
VA,11,no,131.5,98,2,FALSE
NY,167,no,166.4,85,1,FALSE
MT,111,no,142.3,75,2,FALSE
VT,99,no,87.7,103,2,FALSE
KS,159,no,184.1,78,0,FALSE
VA,114,yes,174.5,104,2,FALSE
AL,71,no,103.3,103,2,FALSE
PA,122,no,35.1,62,1,FALSE
AL,100,no,246.6,94,1,FALSE
WV,83,no,78.5,109,1,FALSE
NV,64,no,148.1,73,5,TRUE
TN,105,no,206.2,84,1,FALSE
ID,144,no,251.6,87,2,FALSE
WY,106,yes,270.3,111,1,TRUE
TX,19,no,156.6,97,1,FALSE
MA,46,no,139.4,81,1,FALSE
IL,127,no,220.2,108,2,FALSE
LA,9,no,214.1,108,1,FALSE
CO,157,no,196,74,1,FALSE
UT,105,no,106.4,71,6,TRUE
MI,105,no,179.4,113,0,FALSE
NH,155,no,216.7,30,2,FALSE
ID,31,no,177.3,129,0,FALSE
WA,161,no,151.6,117,1,FALSE
MN,95,no,262.2,123,0,FALSE
NY,122,no,173.6,110,3,FALSE
MD,37,yes,106.6,76,2,FALSE
GA,132,no,193.3,106,5,TRUE
HI,119,no,217.2,94,0,FALSE
AL,16,no,209.5,89,1,FALSE
CT,99,no,95.4,105,1,FALSE
CO,76,no,214.6,110,1,FALSE
KS,167,no,131.6,120,4,TRUE
NJ,129,no,168.4,117,1,FALSE
FL,116,no,146.4,123,1,FALSE
CA,60,yes,183,110,1,FALSE
KS,128,no,103.3,122,0,FALSE
TX,47,no,112.2,70,0,FALSE
MN,40,yes,170.7,55,3,FALSE
AK,173,no,172.5,78,0,FALSE
OR,157,no,194.3,107,1,FALSE
MS,66,no,187.8,117,2,FALSE
VT,50,yes,307.1,94,0,FALSE
UT,72,no,118.2,106,3,FALSE
KS,130,no,154,95,1,FALSE
NV,143,no,155.5,101,1,FALSE
DE,89,yes,125.6,108,1,FALSE
IN,108,no,199.3,104,0,FALSE
TX,32,no,157.9,88,1,FALSE
MA,166,no,203.4,81,2,FALSE
VT,109,no,222.2,113,1,FALSE
CA,72,no,92.8,98,1,FALSE
IA,134,no,216.8,78,0,FALSE
NH,13,no,193.2,89,4,FALSE
GA,90,no,113.2,108,3,FALSE
WI,111,no,166.2,54,3,FALSE
CO,101,no,262.2,101,1,FALSE
SC,72,no,207.8,92,0,FALSE
MI,67,no,245.4,89,1,FALSE
MD,172,no,287.1,108,3,TRUE
IN,154,no,192.3,82,2,FALSE
ME,69,no,194.2,122,2,FALSE
DC,123,no,211,92,3,FALSE
TN,130,no,141.9,92,0,FALSE
FL,142,no,220.5,94,2,FALSE
WA,29,no,157.4,122,1,FALSE
HI,87,no,143.5,106,0,FALSE
NE,149,no,156,56,0,FALSE
TN,146,yes,160.1,63,2,FALSE
MD,88,yes,235.1,98,4,TRUE
NM,119,yes,160,95,5,TRUE
VT,48,no,188.4,63,1,FALSE
OR,135,no,194.8,97,1,FALSE
IN,100,no,247.8,117,1,FALSE
MO,98,no,221.2,80,4,FALSE
FL,75,no,118.5,86,2,FALSE
DC,180,no,231.8,78,1,FALSE
VT,100,no,215.9,90,1,FALSE
OH,119,no,217.1,92,2,FALSE
MO,86,no,83.5,96,0,FALSE
LA,155,no,183.3,106,1,FALSE
IL,78,yes,236.8,141,1,TRUE
NJ,153,no,193.8,90,1,FALSE
IA,92,no,134,112,0,FALSE
WA,13,no,176.6,65,2,FALSE
NE,154,no,191.4,93,3,FALSE
CT,144,yes,174.8,127,0,FALSE
WV,48,no,275.2,67,1,FALSE
ND,94,no,174,85,1,FALSE
UT,139,no,165,132,1,FALSE
MS,126,no,228.7,102,1,FALSE
MN,122,no,107.9,88,2,FALSE
NH,139,no,221.3,140,1,FALSE
LA,95,no,141.1,84,3,FALSE
ME,80,no,166.4,92,4,FALSE
KS,131,no,249.6,87,3,FALSE
KS,36,no,178.6,83,1,FALSE
NV,180,no,139,96,2,FALSE
MT,25,no,134.3,98,2,FALSE
MT,113,no,215.9,93,3,FALSE
ID,88,no,181.6,91,1,FALSE
AK,120,no,178.4,97,1,FALSE
UT,74,no,106.4,84,1,FALSE
AR,109,no,170.7,101,2,FALSE
LA,162,no,184.5,139,0,FALSE
KS,124,no,161.2,109,1,FALSE
OR,177,no,84.9,77,2,FALSE
WI,91,no,217.9,71,1,FALSE
CO,105,no,270.9,98,0,TRUE
KS,24,no,243,91,0,TRUE
IL,48,no,128.2,71,0,FALSE
IA,86,no,126.3,115,2,FALSE
AZ,163,no,178.7,56,4,FALSE
NE,91,no,159,109,0,FALSE
ID,56,no,150.9,79,3,FALSE
OH,147,yes,219.9,118,3,FALSE
TX,64,no,168,116,2,FALSE
TN,108,no,162.1,83,4,TRUE
OK,159,no,198.8,107,5,FALSE
ND,136,yes,256.8,90,3,FALSE
MT,116,no,182.8,122,1,FALSE
NC,45,no,196.8,92,1,FALSE
MN,122,no,140.1,120,2,FALSE
MN,138,no,194.3,83,5,FALSE
MA,132,no,117.6,66,1,FALSE
PA,101,yes,193.7,108,0,FALSE
GA,58,no,243.1,105,2,FALSE
NV,81,no,145.4,132,1,FALSE
TX,87,no,169.1,105,3,FALSE
ME,116,no,229.3,93,2,FALSE
RI,85,yes,197.2,97,4,FALSE
MN,62,no,186.4,84,2,TRUE
NH,90,no,76.1,121,0,FALSE
TN,98,no,162.8,65,2,FALSE
UT,73,no,182.3,115,1,FALSE
RI,107,yes,194.4,83,2,FALSE
NH,55,no,189.3,95,2,FALSE
AK,76,no,160.1,107,3,FALSE
NC,30,no,145,76,3,FALSE
AZ,157,no,220.7,105,4,FALSE
MA,40,no,224.7,69,1,TRUE
TN,72,no,147,79,1,FALSE
WY,95,no,260.8,130,1,FALSE
IA,42,no,155.4,127,0,FALSE
IN,86,no,166.2,112,1,FALSE
NJ,131,no,211.8,115,0,FALSE
FL,55,no,130.5,114,4,TRUE
MT,74,no,162.7,102,0,FALSE
ND,81,yes,237.1,76,1,FALSE
MI,81,no,166.2,102,4,FALSE
MT,28,no,121.7,48,6,TRUE
AL,111,no,176.4,62,0,FALSE
NV,3,no,67.4,116,2,FALSE
MI,51,no,229.7,129,1,TRUE
FL,68,no,176,118,1,FALSE
NY,163,no,247.7,77,0,TRUE
KS,87,no,115.4,90,2,FALSE
NC,58,no,112.2,95,0,TRUE
MN,109,no,162.6,138,0,FALSE
RI,111,no,229.4,107,4,FALSE
UT,144,no,139.6,96,2,FALSE
OR,135,no,263.8,66,5,TRUE
SC,109,no,217.5,123,4,FALSE
IL,107,no,114.3,132,1,FALSE
OH,149,no,196.3,108,2,FALSE
MA,56,no,253.2,95,1,FALSE
OR,129,no,98,99,0,FALSE
CA,92,no,249.4,118,0,FALSE
WV,67,no,129.6,107,1,FALSE
VT,120,no,221.3,106,0,FALSE
ID,166,no,220.7,106,1,FALSE
OR,66,no,87.6,76,1,FALSE
GA,76,no,203.6,61,0,FALSE
ME,79,no,213.6,110,2,FALSE
HI,98,no,181.6,112,2,FALSE
AZ,141,no,215.4,123,1,FALSE
UT,49,no,266.3,90,2,TRUE
IA,46,no,199.2,111,3,FALSE
CT,137,no,115,130,3,FALSE
WA,171,no,270.5,69,1,TRUE
VA,10,no,222.2,127,1,FALSE
CO,88,no,61.9,78,3,FALSE
LA,89,no,141.1,92,2,FALSE
TX,82,no,189.2,81,3,TRUE
SD,139,no,196,135,3,FALSE
VA,87,no,171.6,119,0,FALSE
NY,137,yes,174,123,2,FALSE
WA,45,no,78.6,106,1,TRUE
WI,90,no,200.9,92,1,FALSE
TN,103,no,141.3,123,1,FALSE
CT,100,no,235.8,130,2,FALSE
WA,110,no,185.1,100,3,FALSE
NH,124,no,254.3,113,2,FALSE
MT,10,no,183,103,2,FALSE
NE,89,no,163.5,80,2,FALSE
WA,121,no,207.9,98,2,FALSE
WI,101,no,248.6,102,3,FALSE
AR,103,no,185.4,105,2,FALSE
WI,51,no,197.8,60,1,FALSE
DE,2,yes,132.1,42,2,TRUE
NH,111,no,197.1,117,0,FALSE
VA,118,no,154.6,112,2,FALSE
TN,17,no,153.1,115,6,TRUE
VA,130,no,211.2,119,2,FALSE
ID,193,no,96.8,92,2,TRUE
TN,114,no,172,145,1,FALSE
AZ,137,no,141.1,91,2,FALSE
MT,185,no,151.1,121,2,FALSE
OK,101,no,209.6,107,3,FALSE
ID,95,no,247,109,3,FALSE
NV,7,no,221.4,114,1,FALSE
KS,126,no,321.3,99,1,TRUE
WY,71,no,243.7,124,0,FALSE
MS,124,no,251.5,85,3,FALSE
WY,97,yes,236.9,107,0,TRUE
TX,28,no,159.7,79,2,FALSE
WA,90,yes,148.2,96,4,TRUE
HI,190,no,150.9,86,1,FALSE
IL,31,no,210.5,101,1,FALSE
AK,52,no,170.9,71,2,FALSE
MD,73,no,254.7,80,0,FALSE
MA,111,no,284.4,89,0,TRUE
SD,98,no,0,0,4,TRUE
PA,106,yes,133.7,45,1,TRUE
NC,111,no,224.9,117,0,FALSE
VT,59,no,151.8,98,1,FALSE
KY,71,no,141.4,107,2,FALSE
WA,55,no,285.7,124,0,TRUE
LA,13,no,58.4,121,1,FALSE
WA,136,no,90.4,105,0,FALSE
ME,123,no,114.4,91,0,FALSE
WI,105,no,147.7,103,2,FALSE
TX,50,no,302.7,93,3,FALSE
IA,118,no,136.1,120,1,FALSE
AZ,97,no,169.7,84,3,FALSE
ND,51,no,227.2,89,0,FALSE
VT,73,no,217.8,91,1,TRUE
HI,35,no,124.2,102,2,FALSE
WY,64,no,206.2,76,1,FALSE
WV,63,no,132.9,122,3,FALSE
OK,117,no,104.9,115,3,FALSE
CT,115,no,245,97,1,TRUE
UT,162,no,184.5,118,1,FALSE
NY,89,no,89.5,66,3,FALSE
VA,94,yes,235.6,131,1,FALSE
VT,129,no,186,127,4,FALSE
SD,86,no,223.9,75,1,FALSE
PA,96,no,179.5,125,1,FALSE
ND,190,no,169.4,102,1,FALSE
CT,80,no,118.1,90,1,FALSE
SC,108,no,112,105,4,TRUE
MI,97,no,168.4,129,0,FALSE
VT,84,no,214.3,112,0,FALSE
OH,65,no,245.7,139,4,TRUE
VT,131,no,156.6,134,1,FALSE
IL,58,yes,142.8,96,1,FALSE
MO,36,no,202.4,115,3,FALSE
WI,54,no,116.8,119,1,FALSE
NJ,45,no,155.7,110,1,FALSE
GA,125,no,236.1,107,2,FALSE
VT,72,no,138.1,113,2,FALSE
CT,141,no,51.9,108,3,FALSE
AZ,113,no,81.3,116,0,FALSE
SD,20,no,171.5,98,0,FALSE
CT,212,no,126,96,1,FALSE
IN,99,yes,197.2,127,4,FALSE
OH,94,no,194.1,62,1,FALSE
NY,40,no,115.7,105,1,FALSE
NE,86,no,157.2,118,3,FALSE
OK,101,no,269.7,85,3,TRUE
NC,170,no,246.4,107,0,FALSE
HI,105,no,227.4,121,1,FALSE
UT,103,no,189.8,110,0,FALSE
MD,140,yes,188.9,124,4,FALSE
VT,101,no,0,0,1,FALSE
TX,98,no,110.5,87,1,FALSE
AZ,104,no,167.6,116,4,FALSE
VA,115,no,132,90,3,FALSE
WI,112,no,167.8,88,0,FALSE
NE,70,no,213.4,86,1,FALSE
KY,126,no,175.4,120,0,FALSE
NV,87,no,82.6,113,3,FALSE
MT,125,no,143.2,80,4,TRUE
MO,86,no,125.5,139,1,FALSE
MS,73,no,82.3,105,6,TRUE
NM,232,no,165.6,104,1,FALSE
NJ,1,no,183.1,95,0,FALSE
NH,133,no,162.1,91,1,FALSE
NC,103,no,166.6,84,1,FALSE
MT,131,no,135.9,60,1,FALSE
SD,95,no,165.7,78,0,FALSE
VA,182,no,176.1,90,1,FALSE
LA,99,no,142.3,89,0,FALSE
NV,27,no,177.6,121,3,FALSE
AK,141,no,83.2,74,1,FALSE
OH,29,yes,235,101,2,FALSE
NM,65,no,105.7,95,2,FALSE
MI,81,yes,149.4,68,3,TRUE
MN,37,no,264.7,81,0,FALSE
WY,107,no,160.3,45,1,FALSE
WY,127,yes,95.9,117,1,FALSE
WA,78,no,140.7,77,0,FALSE
NM,55,no,119.7,148,2,FALSE
VA,86,no,99.9,84,2,FALSE
RI,176,no,250.9,108,2,FALSE
AL,96,yes,200.6,117,2,FALSE
WV,11,no,209.8,130,1,FALSE
WV,48,no,198,70,1,FALSE
NJ,127,no,239.8,107,1,FALSE
TN,63,no,164.5,75,0,FALSE
MI,79,no,220.9,107,1,FALSE
UT,47,no,112.8,150,2,FALSE
IL,89,yes,112.6,114,0,TRUE
MI,83,no,226.4,117,1,FALSE
WI,126,yes,244.9,118,4,FALSE
ND,60,no,203.2,99,2,FALSE
VT,122,no,136.7,115,0,FALSE
WA,136,no,152.6,97,1,FALSE
NC,172,no,274.9,102,1,FALSE
ME,102,no,195.7,116,1,TRUE
SD,113,yes,204.3,82,1,FALSE
WV,79,no,222.3,99,3,FALSE
ID,55,no,222.5,104,1,FALSE
LA,111,no,128.8,104,2,FALSE
GA,160,no,174.3,105,0,FALSE
FL,110,no,242.5,110,4,FALSE
CO,192,no,221.6,101,4,FALSE
NV,93,no,114.3,100,0,FALSE
IN,101,no,219.7,137,2,FALSE
VA,77,no,144.9,136,2,FALSE
UT,105,no,236.5,111,2,FALSE
UT,133,no,174,80,2,TRUE
MO,131,no,109.5,95,1,FALSE
CT,106,no,81.6,120,1,FALSE
HI,118,no,133.4,113,1,FALSE
MD,125,no,137.1,94,1,FALSE
VA,95,no,197,88,0,FALSE
MT,80,no,198.1,160,3,FALSE
SC,145,no,39.5,78,0,FALSE
CO,37,no,199.5,107,2,FALSE
ID,87,no,156.8,93,1,FALSE
AL,69,no,183.4,85,3,FALSE
CO,83,no,132.4,120,1,FALSE
UT,195,no,63.2,108,0,FALSE
DE,67,yes,181.1,59,0,TRUE
OH,75,no,117.5,102,3,FALSE
RI,123,no,218.7,79,0,FALSE
FL,41,no,207.3,95,1,FALSE
OH,75,no,150.6,99,0,FALSE
MD,76,yes,273.3,66,1,TRUE
IL,86,yes,266.1,120,1,FALSE
PA,140,no,112.8,89,0,FALSE
AZ,70,no,104.7,112,3,FALSE
NH,121,no,193.8,62,0,FALSE
RI,112,no,168.6,102,1,FALSE
HI,118,no,253.2,122,2,FALSE
NJ,66,no,174.7,92,1,FALSE
WI,78,no,87,102,0,FALSE
MD,129,no,204.5,79,2,FALSE
OR,6,no,226.5,93,3,FALSE
NV,107,yes,234.1,91,1,FALSE
AR,107,yes,133.3,106,3,TRUE
MT,138,no,133.9,87,1,FALSE
CT,103,no,160.2,104,0,FALSE
UT,116,no,230.6,94,0,FALSE
GA,189,no,227.4,84,2,FALSE
NV,161,no,72.8,120,2,FALSE
TN,1,no,196.1,107,1,FALSE
DE,89,no,197.1,110,1,FALSE
NY,64,no,219.6,126,1,FALSE
MT,126,no,153.4,90,4,TRUE
IA,129,no,216,85,2,FALSE
VT,128,no,222.9,136,0,FALSE
LA,81,no,115.9,120,3,FALSE
MT,114,no,189.8,101,1,FALSE
NH,50,no,154.7,102,0,FALSE
WV,86,no,136.4,104,3,FALSE
ID,96,no,170.5,86,1,FALSE
AZ,72,no,272.4,88,0,FALSE
SC,64,no,210,116,8,FALSE
WV,57,yes,236.5,94,2,FALSE
OH,65,no,153.9,117,2,FALSE
MD,163,no,223,120,1,FALSE
MD,136,no,252.4,74,2,FALSE
MN,116,no,197.9,84,1,FALSE
NE,93,no,152.4,74,3,FALSE
MN,142,no,237.4,105,3,FALSE
NY,92,no,265.6,82,1,FALSE
HI,70,no,197.3,91,1,FALSE
MO,22,no,199.1,100,1,FALSE
NV,37,no,233.7,114,2,FALSE
MA,51,no,183.1,99,1,FALSE
NH,174,no,139.4,96,2,FALSE
UT,68,no,213.9,112,1,TRUE
FL,130,no,207.1,70,1,FALSE
WA,104,no,139.7,78,2,FALSE
CT,134,no,177.2,91,2,FALSE
KY,108,no,169.8,136,2,FALSE
NM,103,no,173.5,83,3,FALSE
ND,62,no,159.9,100,1,FALSE
NV,162,no,115.1,89,2,FALSE
CA,93,no,136.8,113,2,FALSE
ID,42,no,92.2,108,1,FALSE
OK,155,no,243.9,112,2,FALSE
IA,36,no,117.1,94,0,FALSE
OH,143,no,223.3,99,0,TRUE
NJ,197,no,154.8,111,3,FALSE
IA,81,no,261.4,141,1,TRUE
DE,138,yes,46.5,104,4,TRUE
CA,103,no,149.9,84,0,TRUE
WY,127,yes,242.2,102,2,TRUE
OR,136,no,259.4,99,1,TRUE
ME,99,no,222.4,102,2,FALSE
AR,95,no,69.4,79,0,FALSE
ME,118,yes,156.5,122,4,TRUE
WV,113,no,61.2,111,5,TRUE
PA,128,yes,245.2,112,0,FALSE
HI,117,no,102.3,100,3,FALSE
MT,48,no,230.9,92,3,FALSE
DC,81,yes,227.4,105,0,FALSE
AR,57,no,192.8,68,1,FALSE
MS,140,no,162.6,98,1,FALSE
OH,107,no,219.4,92,2,FALSE
MO,56,no,137.2,111,1,FALSE
TX,159,no,87.7,103,1,FALSE
MD,102,no,271.1,80,1,FALSE
CT,107,no,103.4,94,1,FALSE
SC,106,no,52.2,106,2,FALSE
MI,225,no,165.4,106,0,TRUE
SD,75,no,147.5,110,2,FALSE
CO,86,no,217.8,93,0,FALSE
ID,169,no,235.7,79,1,FALSE
AZ,122,no,204.5,92,2,FALSE
FL,106,no,178.4,143,0,FALSE
MN,52,no,130.1,68,2,FALSE
DE,79,no,103.7,100,2,FALSE
MI,135,no,239.9,91,2,FALSE
MS,70,no,148.4,110,0,FALSE
MA,80,no,148.6,106,2,FALSE
CA,37,no,191.1,69,0,FALSE
MN,161,no,218.5,76,1,FALSE
VT,137,no,97.5,95,1,FALSE
CT,123,no,128.7,126,0,FALSE
WV,80,no,236.6,69,2,FALSE
WV,94,no,85.9,113,0,FALSE
NE,105,no,141.2,96,1,FALSE
NC,73,no,194.4,104,0,FALSE
NE,112,no,167.6,100,2,FALSE
IL,179,no,234.5,134,1,FALSE
MA,57,no,154.2,78,1,FALSE
AZ,127,no,143.2,99,1,FALSE
SD,122,yes,216.4,80,1,FALSE
MT,33,no,161.9,85,1,FALSE
VT,94,no,118.7,90,3,FALSE
UT,100,no,179.1,123,1,FALSE
HI,106,no,147.9,97,2,FALSE
DC,148,no,209.2,110,2,FALSE
WI,120,no,244.3,140,0,FALSE
UT,91,no,175.3,96,1,FALSE
WA,86,no,150.5,92,1,FALSE
SD,78,no,197.4,73,0,FALSE
MT,94,no,163.5,136,1,FALSE
NJ,85,no,236.9,93,2,TRUE
CT,89,no,82.3,77,1,FALSE
VA,128,no,216,111,1,FALSE
NC,115,yes,180,119,1,FALSE
AK,76,no,143.7,55,1,FALSE
MD,75,no,198.2,107,1,FALSE
IL,90,no,185.6,106,2,FALSE
CT,30,no,137.6,108,3,FALSE
KS,105,yes,273.9,119,1,TRUE
MA,102,no,125.3,92,3,FALSE
NJ,83,no,178.8,102,3,FALSE
AR,63,no,214.9,86,0,FALSE
MS,155,no,163,93,2,FALSE
ND,82,no,163.8,77,2,FALSE
IN,87,no,189.5,113,1,FALSE
MI,115,no,155.2,110,0,FALSE
AR,99,yes,242.3,102,0,TRUE
VT,121,yes,254.1,127,3,FALSE
WV,54,no,112,90,2,FALSE
ME,105,no,115.5,73,3,FALSE
IA,73,no,137.1,102,1,FALSE
CT,95,no,198.4,113,0,FALSE
NM,21,no,132.7,94,3,FALSE
OR,163,no,219.6,99,2,FALSE
VT,57,no,169.6,96,0,FALSE
RI,104,yes,160.4,73,4,FALSE
RI,83,no,95,89,0,FALSE
NM,141,no,160.1,87,2,FALSE
AL,95,no,194.6,114,3,FALSE
MT,184,no,236.4,73,1,TRUE
CT,74,no,157.1,95,2,FALSE
TN,67,no,179.8,125,0,FALSE
ID,104,yes,148.2,108,0,FALSE
TX,71,no,183.2,103,1,FALSE
NH,149,no,119.2,88,4,TRUE
ND,154,no,224,102,0,FALSE
SC,138,no,19.5,149,0,FALSE
KS,117,no,184.8,83,1,FALSE
ME,130,no,176.3,140,1,FALSE
RI,73,no,241.7,115,2,FALSE
WI,100,no,224.7,121,0,FALSE
NC,149,no,207.3,115,1,FALSE
OH,29,no,196.8,81,2,FALSE
WY,131,no,110.9,74,1,FALSE
NJ,153,no,122.5,145,2,FALSE
ND,84,no,226.9,144,2,FALSE
WI,133,no,187,65,2,FALSE
KY,112,no,170.5,113,0,FALSE
NY,87,no,204.8,101,0,FALSE
MO,72,no,165.9,114,2,FALSE
AZ,66,no,154,133,4,TRUE
MN,65,no,158.1,104,1,FALSE
CO,74,no,225.2,93,2,FALSE
MD,116,no,159.4,79,6,TRUE
AR,68,no,172.7,95,2,FALSE
TN,68,no,222.8,99,3,FALSE
DE,54,yes,214.1,77,1,FALSE
TN,99,no,54.8,92,1,FALSE
WI,107,no,134,104,3,FALSE
WV,124,no,184.8,74,1,FALSE
CT,95,no,283.1,112,3,FALSE
MN,173,no,291.8,143,0,TRUE
MO,110,no,222.7,94,1,FALSE
VA,102,no,174.5,79,0,FALSE
NH,130,no,68.4,86,0,FALSE
OK,91,no,273,78,1,FALSE
CT,64,yes,225.3,134,1,TRUE
TN,176,no,283.2,130,1,FALSE
MD,93,yes,131.4,78,1,TRUE
WI,84,no,89.7,87,1,FALSE
SD,138,no,127.1,102,3,FALSE
ND,101,no,105.9,132,1,FALSE
VA,136,no,142.3,79,2,FALSE
UT,111,no,191.3,80,2,FALSE
MA,132,no,201.9,93,0,FALSE
SD,128,no,247.3,91,3,FALSE
AL,92,no,242.2,96,1,FALSE
AL,197,yes,127.3,80,5,TRUE
WV,191,no,162,104,1,FALSE
SC,99,no,179.1,93,2,FALSE
FL,106,no,197.4,125,3,FALSE
KY,88,no,148.2,82,2,FALSE
UT,78,no,193.1,85,0,FALSE
NY,98,no,171.7,99,1,FALSE
MS,17,no,198.5,123,1,FALSE
NH,56,no,121.7,87,1,FALSE
VA,84,no,130.2,105,2,FALSE
VT,95,no,203.4,96,2,FALSE
WY,16,no,174.7,83,5,FALSE
NV,76,yes,241,120,1,TRUE
WV,93,no,141.7,95,0,FALSE
WA,83,no,134.8,96,2,FALSE
KS,123,no,163.1,119,1,FALSE
VT,64,no,145.5,116,1,FALSE
OK,82,no,329.8,73,0,TRUE
GA,107,no,194.5,97,2,FALSE
CO,110,no,131.9,93,1,FALSE
AK,96,no,150,91,1,FALSE
TN,47,no,196.6,93,2,FALSE
KY,115,no,99.7,107,2,FALSE
PA,69,no,143.6,88,3,FALSE
CT,163,no,231.9,56,2,FALSE
CT,90,no,37.8,80,3,FALSE
MN,98,no,72.8,107,3,FALSE
WY,90,no,94.8,89,1,FALSE
PA,174,no,221.8,143,1,FALSE
OR,95,no,269,120,2,TRUE
PA,79,no,268.3,114,1,TRUE
OK,123,no,198.7,127,1,FALSE
VT,99,no,115.5,75,7,TRUE
ID,114,no,202.1,100,2,FALSE
PA,141,no,215.6,113,1,FALSE
NM,132,no,169.9,107,1,FALSE
FL,133,no,201.7,85,0,FALSE
TX,133,no,221.1,133,4,FALSE
VT,93,no,218.7,117,2,FALSE
MA,34,no,293.7,89,2,TRUE
OR,140,no,120.3,108,4,TRUE
DE,96,no,175.8,96,2,FALSE
FL,144,no,278.5,95,1,TRUE
ID,24,no,236.3,105,3,FALSE
MD,54,no,273.8,113,1,FALSE
WV,50,no,131.1,129,5,TRUE
ID,92,no,167.4,83,4,FALSE
NV,96,no,197.7,68,3,FALSE
OH,146,no,169.5,93,2,FALSE
ID,138,yes,225.2,116,0,FALSE
SC,102,no,174.5,73,4,FALSE
MO,76,no,129.7,84,5,TRUE
NE,99,no,200,66,3,FALSE
NC,83,no,95.9,87,0,FALSE
ME,36,no,152.8,110,1,FALSE
MI,70,no,129.9,102,1,FALSE
AZ,109,yes,268.4,85,2,TRUE
AZ,100,no,188.5,152,2,FALSE
HI,104,no,170.6,97,1,FALSE
NJ,106,no,191.4,124,1,FALSE
MS,84,no,75.3,96,1,FALSE
MA,80,no,149.8,123,2,FALSE
SC,100,no,115.9,87,1,FALSE
MN,99,no,128.8,86,2,FALSE
WV,50,no,131.7,108,1,FALSE
MS,105,no,101.4,48,1,FALSE
VA,113,no,149,104,4,FALSE
MS,111,no,96.8,123,2,FALSE
NM,161,no,107.5,121,2,FALSE
TX,70,no,232.8,95,0,TRUE
HI,97,no,121.1,105,3,FALSE
WA,130,no,124.3,70,0,FALSE
WI,92,no,157.7,101,1,FALSE
CO,119,no,124.3,68,0,FALSE
NV,115,no,286.4,125,1,TRUE
RI,134,no,141.7,95,0,FALSE
VA,127,no,173,91,0,FALSE
NJ,80,no,268.7,120,2,TRUE
ND,153,no,218.5,130,0,FALSE
MN,85,no,255.3,114,3,FALSE
HI,79,no,41.9,124,1,FALSE
ND,35,no,260.8,87,1,FALSE
WI,120,no,239.4,94,0,FALSE
MN,68,no,226.7,94,0,FALSE
DC,60,no,179.3,147,1,TRUE
KS,120,no,158,110,1,FALSE
MT,71,no,175.7,82,1,FALSE
WV,124,no,157.4,107,3,FALSE
ME,23,no,113.1,74,1,TRUE
WY,225,no,182.7,142,1,FALSE
NY,181,yes,161.3,83,0,TRUE
VT,63,no,142.5,92,2,FALSE
NC,54,yes,190.5,108,2,TRUE
MO,80,yes,159.3,110,1,FALSE
NC,118,yes,153.8,106,1,FALSE
NJ,42,yes,180.7,127,2,FALSE
OH,134,no,202.7,105,0,FALSE
TX,66,no,190.8,100,0,FALSE
WA,66,no,205.1,102,2,FALSE
TN,127,no,235.6,124,1,FALSE
HI,146,no,189.3,77,0,FALSE
WY,93,no,166.9,101,1,FALSE
CT,77,no,245.2,87,0,TRUE
NM,111,no,132.6,125,4,TRUE
NJ,125,no,182.3,64,2,FALSE
AL,115,no,192.3,86,2,FALSE
MN,115,yes,122,110,2,TRUE
NC,114,no,193,101,2,FALSE
OH,106,no,158.6,112,0,FALSE
ND,118,no,91.5,125,2,FALSE
CO,59,no,153.6,92,1,FALSE
ND,87,yes,221.6,79,1,FALSE
NY,21,no,244.7,81,1,FALSE
WI,142,no,239.8,103,0,FALSE
WY,62,no,172.4,132,0,FALSE
OR,149,no,242.5,83,3,TRUE
CO,54,no,117.6,82,2,FALSE
LA,112,no,174.5,127,1,FALSE
AL,68,no,157.3,83,1,FALSE
TX,201,no,192,97,1,FALSE
PA,88,no,218.2,76,1,FALSE
IL,85,no,144.6,97,1,FALSE
DE,51,yes,153.6,108,0,TRUE
MO,45,no,135.8,104,2,FALSE
AR,116,no,160.7,69,0,FALSE
OH,146,no,202.5,91,1,FALSE
WI,63,no,152.2,119,1,FALSE
GA,133,no,227.4,90,0,FALSE
KY,125,no,191.6,115,2,FALSE
OH,72,no,138.9,111,1,FALSE
TN,130,no,127,102,0,FALSE
SD,97,no,168.6,87,1,FALSE
NY,54,no,286.6,73,1,TRUE
GA,160,no,164.6,121,1,FALSE
TX,79,no,144,90,1,FALSE
WV,92,no,141.6,95,0,FALSE
MI,59,no,204.3,65,1,FALSE
ND,132,no,163.2,80,1,FALSE
NE,21,no,225,110,0,FALSE
SD,93,no,176.1,103,2,FALSE
NJ,147,no,254.2,78,5,FALSE
AK,101,no,174.9,105,1,FALSE
CT,125,yes,187.3,118,0,TRUE
CO,63,no,211.8,84,3,FALSE
MD,107,no,241.9,102,0,FALSE
ND,110,no,196.1,103,3,FALSE
NH,83,no,231.3,100,3,FALSE
MN,117,no,161.6,104,1,FALSE
KY,124,no,194,103,0,FALSE
NH,115,no,109.7,148,3,FALSE
CO,156,yes,277,119,1,FALSE
KY,89,no,192.1,83,0,FALSE
KY,72,no,198.4,147,0,FALSE
IN,101,no,209.2,82,0,FALSE
OR,53,no,184.8,98,2,FALSE
SD,116,no,167.8,119,2,FALSE
DE,78,no,139.2,140,3,FALSE
OR,117,no,221.3,82,0,FALSE
NE,56,no,121.6,84,1,FALSE
OH,123,no,270.4,99,1,FALSE
OH,127,no,139.6,94,2,FALSE
AR,116,no,253,78,2,FALSE
KS,138,no,183.9,83,1,FALSE
TX,120,no,203.3,108,3,FALSE
WI,102,no,200.6,106,3,FALSE
OR,95,no,167.6,96,2,FALSE
VA,102,no,156.5,67,2,FALSE
AR,89,no,215.1,140,1,FALSE
CT,50,no,301.7,82,1,FALSE
OH,93,no,152.3,90,7,FALSE
WY,68,no,195.4,116,1,FALSE
IL,70,no,208.7,97,2,FALSE
MO,138,no,190.1,87,0,FALSE
DC,141,no,185.4,87,4,FALSE
MA,112,no,183.2,95,0,FALSE
NH,117,yes,54.2,100,1,TRUE
IA,1,no,208,115,1,FALSE
AL,70,no,230.3,110,1,FALSE
OR,87,no,240.8,102,2,FALSE
WV,52,no,195.7,119,2,FALSE
WA,97,no,276.1,82,0,TRUE
NV,105,no,166.1,93,2,FALSE
SC,77,no,135.9,117,4,TRUE
NC,80,yes,189.1,122,2,TRUE
NH,120,no,177.9,117,1,FALSE
WY,54,no,143.9,73,2,FALSE
FL,148,yes,148.2,138,2,FALSE
PA,119,no,287.1,115,2,TRUE
NC,162,no,179.7,144,1,TRUE
MO,85,no,165.8,96,5,TRUE
KS,101,no,144.1,144,1,FALSE
KY,172,no,172.5,85,0,FALSE
DE,80,no,199.8,138,1,FALSE
WI,67,no,109.1,134,2,FALSE
CO,86,no,171.8,106,1,FALSE
NM,107,no,222.3,101,1,TRUE
DE,133,no,245.8,102,0,FALSE
IL,116,no,164.6,110,0,FALSE
WA,63,no,211.7,107,0,FALSE
MA,119,yes,147.2,103,0,TRUE
OH,133,yes,254.7,103,0,TRUE
TN,94,yes,170.1,113,1,FALSE
MA,69,no,195.1,91,0,FALSE
MI,146,no,149.3,83,7,TRUE
TX,119,no,81.9,75,2,TRUE
NH,142,yes,191.1,109,0,FALSE
MD,123,no,206.9,115,3,FALSE
MS,101,no,239,156,1,TRUE
AZ,43,no,179.3,97,0,FALSE
IN,69,no,185.3,91,0,FALSE
NY,15,yes,141.4,80,2,FALSE
WI,107,no,248.6,91,1,FALSE
WV,67,no,152.5,131,2,FALSE
NY,99,no,145.6,102,1,FALSE
OK,46,no,164.2,116,1,FALSE
NC,55,yes,221,115,1,FALSE
KY,39,no,295.4,126,1,TRUE
TX,92,no,139.8,98,2,FALSE
CT,56,no,162.3,99,4,TRUE
NE,76,no,272.7,97,0,TRUE
HI,132,yes,200.3,75,2,FALSE
SC,140,no,157.1,77,1,FALSE
AK,51,yes,135.8,60,2,FALSE
SD,27,no,236.7,110,1,FALSE
ID,224,no,111.4,133,3,FALSE
OK,105,yes,156.1,89,0,TRUE
WA,117,no,191.1,93,2,FALSE
SD,91,no,153,123,1,TRUE
OH,135,no,218.8,123,4,FALSE
VA,146,no,205.4,101,3,FALSE
WI,147,yes,225.2,111,0,TRUE
IN,68,no,249.9,127,2,TRUE
NM,68,no,131.6,89,3,FALSE
HI,86,no,197.9,99,0,FALSE
KY,131,no,166.5,129,1,FALSE
OH,86,no,225.4,79,1,FALSE
VT,159,no,275.8,103,2,TRUE
AZ,134,no,142.9,105,1,FALSE
VT,113,no,207.2,113,1,FALSE
MO,132,no,206.2,100,1,FALSE
AL,85,no,210.3,66,1,FALSE
NJ,93,yes,225.7,117,1,TRUE
WA,174,no,167.8,91,4,TRUE
NY,61,no,197.7,118,2,FALSE
DC,91,no,169.8,105,1,FALSE
NE,88,no,190.6,104,2,FALSE
MA,88,no,80.3,140,2,FALSE
VT,195,no,231.7,110,0,FALSE
NM,182,no,69.1,114,0,FALSE
CO,118,no,188.8,60,4,FALSE
NH,103,no,150.6,125,8,TRUE
IL,65,no,192,89,2,FALSE
UT,61,no,163.7,78,3,FALSE
WV,172,no,211.7,100,1,FALSE
NJ,72,no,175.5,103,1,FALSE
NM,113,no,150.1,120,2,FALSE
ND,177,no,189.5,99,1,FALSE
WA,100,no,70.8,94,6,TRUE
NM,67,no,215.5,102,1,FALSE
DE,136,no,101.7,105,3,FALSE
GA,71,no,258.4,132,4,FALSE
HI,134,no,242.4,126,1,FALSE
CT,124,no,131.8,82,1,FALSE
NJ,84,no,190.2,102,2,FALSE
ME,39,no,154.1,104,2,FALSE
OK,110,no,188,127,3,FALSE
TN,102,no,103.1,70,1,FALSE
WY,70,no,175.4,130,0,FALSE
NY,142,no,145.4,93,1,FALSE
DE,81,yes,250.6,85,1,FALSE
RI,17,no,161.5,123,1,FALSE
PA,119,no,260.1,101,1,TRUE
HI,105,no,281.3,124,0,TRUE
MD,108,yes,130.1,90,3,TRUE
VA,90,no,102,118,2,FALSE
IN,100,no,218.7,104,1,FALSE
OR,155,no,128.5,86,1,FALSE
AZ,113,no,128.7,100,2,TRUE
WI,123,no,172.2,92,1,FALSE
VA,145,no,199.2,124,1,FALSE
MO,42,no,184.5,98,2,FALSE
NV,125,no,168.6,99,0,FALSE
HI,131,no,174,118,1,FALSE
WA,107,no,230.4,65,1,FALSE
IL,48,no,198.2,73,1,FALSE
IL,76,no,186.1,96,0,FALSE
LA,128,no,148.5,105,1,FALSE
WI,73,no,157.1,109,0,FALSE
TX,52,no,155,110,4,TRUE
MI,126,yes,129.3,123,1,FALSE
NC,124,no,188.5,77,1,FALSE
WA,137,no,208.8,120,0,FALSE
ND,71,no,238,82,0,TRUE
NE,139,no,211.1,103,0,FALSE
MS,107,no,198.9,87,3,FALSE
KY,147,no,212.8,79,1,FALSE
RI,116,no,137.4,126,3,FALSE
NY,60,no,191.8,75,2,FALSE
TX,38,no,149,92,0,FALSE
DE,63,no,117.1,118,3,FALSE
NM,94,no,108,79,3,FALSE
RI,131,no,112.8,133,0,FALSE
MS,158,no,175.9,105,1,FALSE
NY,139,no,236.6,109,1,TRUE
NE,77,no,169.4,102,1,FALSE
WI,140,no,129.6,79,3,FALSE
KY,72,no,177.1,97,1,FALSE
SD,52,no,133.3,63,1,FALSE
VA,103,no,167.8,121,5,FALSE
KS,74,no,174.6,107,1,FALSE
ND,124,no,150.3,101,2,FALSE
CO,85,no,283.2,110,5,FALSE
KY,113,no,157.8,83,5,TRUE
WA,71,no,141.2,132,2,FALSE
NV,177,no,230.2,106,1,FALSE
SC,49,yes,237.8,92,2,TRUE
RI,106,yes,204,84,3,TRUE
ID,60,no,221.1,106,1,FALSE
KY,43,no,177.2,93,4,FALSE
ME,66,no,118,133,1,FALSE
SD,125,no,163.8,73,0,FALSE
SC,114,no,141.3,96,3,FALSE
TN,112,no,272.5,119,3,TRUE
MT,101,no,118.9,112,2,FALSE
WI,70,no,7.9,100,0,FALSE
AK,59,no,159.5,96,0,FALSE
AZ,59,no,150.2,70,1,FALSE
MT,124,no,144.5,35,2,FALSE
DE,99,no,140.7,88,2,FALSE
VA,150,no,169.2,123,1,FALSE
MA,81,no,220.8,77,2,FALSE
IN,86,no,216.3,96,0,FALSE
MD,84,no,169.5,96,0,FALSE
NV,118,no,256.3,119,1,FALSE
CO,89,no,179.7,128,1,FALSE
KS,93,no,266,120,3,FALSE
AR,85,no,96.7,97,2,FALSE
WY,160,no,82.7,116,0,FALSE
PA,28,no,168.2,87,3,FALSE
TX,73,no,286.4,109,1,TRUE
NY,156,no,174.3,95,3,FALSE
OR,33,yes,190.6,100,1,FALSE
CA,77,no,175.5,86,4,FALSE
NY,119,no,133.4,102,1,FALSE
AR,91,no,204.6,96,3,FALSE
MI,102,no,242.2,88,3,FALSE
OK,86,no,253.1,112,3,FALSE
TX,82,no,130,110,0,FALSE
NC,89,no,105.9,151,0,FALSE
ID,86,no,194.2,98,3,FALSE
IL,134,no,183.8,111,1,FALSE
OR,92,no,196.5,82,2,FALSE
SD,87,no,184.5,81,3,FALSE
NE,64,no,261.9,113,0,FALSE
RI,80,no,202.4,118,3,FALSE
MD,165,no,167.4,113,3,FALSE
ID,153,no,167.7,104,1,FALSE
ME,41,no,191.7,109,1,FALSE
SD,108,no,240.2,78,2,FALSE
NY,104,no,189.1,112,1,FALSE
DE,115,no,127.7,67,1,FALSE
OK,87,no,205.2,106,1,FALSE
SC,159,no,153.6,93,2,FALSE
IN,119,no,154.5,129,2,FALSE
NV,69,no,153.7,109,1,FALSE
IL,87,yes,171.2,138,1,FALSE
SD,93,no,328.1,106,1,TRUE
OK,154,yes,145.9,69,0,TRUE
KS,57,no,201.2,76,1,FALSE
IA,130,no,139.1,72,5,FALSE
NJ,151,no,118.9,128,2,FALSE
NJ,162,no,217.6,87,2,TRUE
MT,60,no,145,133,1,FALSE
IA,81,no,203.5,89,3,FALSE
WA,132,no,240.1,115,3,FALSE
NE,86,no,83.8,121,1,FALSE
TX,136,no,269.8,106,1,TRUE
MS,121,no,126.3,84,1,FALSE
IA,105,no,88.1,125,2,FALSE
WI,105,no,218.5,61,2,FALSE
MT,51,no,236.8,61,1,FALSE
GA,64,no,124.1,117,3,FALSE
MT,80,yes,184.2,132,0,FALSE
ND,56,no,222.7,133,4,FALSE
VT,120,no,149.2,98,1,FALSE
SD,103,no,206.5,125,3,FALSE
OH,164,no,159.7,102,3,FALSE
OH,116,no,204.7,118,2,FALSE
MT,121,no,213.2,79,1,FALSE
IL,55,yes,269.6,121,1,FALSE
NV,183,no,116.7,92,2,FALSE
UT,104,no,263.4,101,0,FALSE
NH,90,no,140.2,97,1,FALSE
LA,82,no,197.7,101,1,FALSE
VT,101,no,136.2,92,3,FALSE
NY,9,no,88.5,87,2,FALSE
CT,97,no,215.3,58,0,FALSE
KS,94,no,269.2,104,3,TRUE
MI,127,no,203.8,118,0,FALSE
SD,125,no,268.4,112,0,FALSE
ME,140,no,159.1,104,1,FALSE
MD,90,no,114.4,122,2,FALSE
VA,67,no,138.9,65,2,FALSE
NJ,113,no,186,55,1,FALSE
TN,121,no,170.4,91,0,FALSE
DC,93,no,164.5,95,4,FALSE
DC,121,no,168.6,121,1,FALSE
OR,53,no,261.2,119,0,TRUE
RI,75,no,190.5,91,1,FALSE
AK,132,no,181.1,121,2,FALSE
WI,162,no,177.1,131,3,FALSE
IN,140,no,160.5,114,1,FALSE
MI,91,no,134.7,116,2,FALSE
ID,73,no,198.2,107,2,FALSE
NH,95,yes,228.9,134,4,TRUE
MN,145,no,241.7,137,0,FALSE
AZ,100,no,131.1,108,1,FALSE
MN,122,no,234.1,101,2,FALSE
MO,109,no,200.1,72,0,FALSE
AL,82,no,154,107,1,FALSE
PA,65,no,224.2,106,0,FALSE
AK,52,no,148.3,83,3,FALSE
MS,136,no,174.6,76,2,FALSE
IA,75,no,138.5,110,1,FALSE
WY,146,no,109,69,1,FALSE
NE,105,no,162.3,99,4,FALSE
ND,48,no,210.8,84,2,FALSE
CT,45,no,142.4,107,1,FALSE
NC,106,no,223.5,104,2,FALSE
CT,33,no,182.5,65,2,FALSE
ND,68,no,219.6,97,2,FALSE
WA,106,no,193.6,66,0,FALSE
NV,141,no,192.4,111,0,FALSE
CO,98,no,236.2,122,0,FALSE
KS,94,no,233.2,88,0,FALSE
CO,65,no,158.8,53,2,FALSE
MO,85,no,126.1,112,1,FALSE
MA,71,no,290.4,108,3,TRUE
NY,112,no,60.6,113,0,FALSE
AK,110,no,148.4,95,0,FALSE
WI,111,no,246.5,108,2,FALSE
NH,74,no,298.1,112,2,TRUE
TN,105,no,119.3,82,2,FALSE
NY,40,no,242.5,82,0,FALSE
GA,128,yes,222.1,89,0,TRUE
MN,123,no,236.2,135,2,TRUE
MI,122,no,144.2,87,0,FALSE
ID,114,no,154.6,100,3,FALSE
CT,102,no,137.4,100,2,FALSE
NC,126,no,103.7,93,0,FALSE
LA,150,no,136.6,112,4,TRUE
NJ,60,no,289.8,101,2,TRUE
TX,123,no,260.9,85,3,FALSE
CA,138,yes,196.2,129,0,TRUE
MD,29,no,195.6,71,1,FALSE
WY,111,no,222.2,96,4,FALSE
TX,37,yes,172.9,119,0,TRUE
CA,111,no,249.8,109,0,TRUE
UT,81,no,154.5,84,1,FALSE
WA,46,no,90.4,108,1,FALSE
MS,69,no,268.8,78,0,FALSE
OH,125,no,106.1,95,1,FALSE
KS,43,no,27,117,3,FALSE
RI,127,no,140.1,59,1,FALSE
IN,94,no,245,112,1,FALSE
VT,46,no,196.7,85,3,FALSE
MT,73,no,131.2,98,2,FALSE
CT,146,no,149.6,96,2,FALSE
NM,93,no,239.8,70,1,FALSE
OH,52,no,142.1,77,1,FALSE
GA,202,no,115.4,137,3,FALSE
MN,129,no,193,99,2,FALSE
CT,94,no,206.1,49,1,FALSE
AL,100,no,160.3,138,0,FALSE
WV,43,no,199.9,108,1,FALSE
NH,130,no,213.1,105,0,FALSE
WY,124,no,178.3,102,3,FALSE
VA,92,yes,252.3,120,3,TRUE
VT,48,no,197.7,64,4,FALSE
OH,98,no,111.1,105,2,FALSE
MT,100,no,96.5,86,1,TRUE
MA,79,no,156.9,109,3,FALSE
VA,164,no,123.3,78,1,FALSE
NM,105,no,193.7,108,1,FALSE
AR,89,yes,206.9,134,0,FALSE
NE,126,no,249.8,96,3,TRUE
WY,96,no,144,102,1,FALSE
IA,120,no,299.5,83,0,FALSE
SC,212,no,226,127,2,TRUE
NC,72,no,137.6,106,2,FALSE
HI,155,yes,211.7,121,1,FALSE
UT,89,no,89.7,80,2,FALSE
WY,126,yes,197.6,126,2,FALSE
AL,172,no,270,102,2,TRUE
VA,75,no,224.7,116,3,FALSE
WI,143,no,194.3,99,2,FALSE
FL,166,yes,47.7,89,0,TRUE
KS,132,no,190.1,105,1,FALSE
NV,94,yes,89.5,94,1,TRUE
NY,99,no,182.6,83,0,FALSE
VA,136,no,205.5,86,1,FALSE
KS,119,no,231.5,82,1,FALSE
NC,115,yes,251.3,69,3,TRUE
MO,160,no,171.2,103,2,FALSE
ND,166,no,197.9,89,2,FALSE
CA,120,no,134.8,94,1,FALSE
WV,173,no,191.4,114,1,FALSE
IL,156,no,174.5,65,0,FALSE
NY,70,no,177.4,125,0,FALSE
NV,41,no,182.1,89,1,FALSE
AL,132,no,222.4,85,0,FALSE
KS,47,yes,47.8,120,0,TRUE
ND,160,no,121.8,97,1,FALSE
OK,180,no,143.5,121,3,FALSE
UT,93,no,164.9,68,2,FALSE
OH,109,no,193.6,58,2,FALSE
WY,80,no,101.1,121,0,FALSE
NM,54,no,92.3,88,2,FALSE
AL,121,no,168.9,128,2,FALSE
DC,157,no,219.2,102,1,FALSE
ID,170,no,178.1,130,0,FALSE
AR,138,no,146.5,101,3,FALSE
ID,92,no,172.3,116,1,FALSE
TX,126,no,190.9,143,1,FALSE
NM,41,no,232.1,74,3,TRUE
WA,167,no,169.2,124,4,TRUE
UT,91,no,123.8,107,2,FALSE
RI,127,no,96,117,3,FALSE
NC,88,no,93.4,106,1,FALSE
RI,113,no,90.6,130,1,FALSE
NY,78,no,152.9,81,2,FALSE
TX,123,no,257.9,92,2,FALSE
DE,136,yes,85.2,98,2,FALSE
MS,68,no,160,72,1,FALSE
OH,132,no,182.9,54,0,FALSE
LA,133,no,216.2,67,2,FALSE
FL,127,no,261.7,105,0,FALSE
WA,110,no,241.2,105,2,FALSE
WV,121,no,177.2,142,1,FALSE
NY,116,no,89.5,128,2,FALSE
NE,112,yes,200.3,72,1,FALSE
PA,97,yes,145,103,4,TRUE
MS,43,no,159.5,99,2,FALSE
IN,110,no,151.8,106,3,FALSE
VA,67,no,176.2,120,1,FALSE
MN,166,no,152.1,95,0,FALSE
DE,129,no,161.3,122,1,FALSE
OR,103,yes,171.7,78,3,FALSE
UT,71,no,278.9,110,0,TRUE
CT,112,no,213,121,4,FALSE
AL,8,no,242.9,67,1,FALSE
TX,98,no,217.2,121,0,TRUE
CT,90,no,175.9,111,1,FALSE
MS,13,no,303.2,133,0,TRUE
AR,58,no,238.9,107,2,FALSE
CA,137,no,189.6,42,2,FALSE
MI,116,no,133.3,94,5,TRUE
WV,94,no,92.7,107,3,FALSE
DE,87,no,177.2,72,3,FALSE
FL,120,no,184.5,103,2,FALSE
AK,97,no,176.1,109,0,FALSE
ID,134,no,204.7,108,6,FALSE
OH,68,no,143.6,80,2,FALSE
NH,93,no,179.3,93,1,FALSE
MA,120,no,137.3,100,1,FALSE
SC,41,no,237.8,92,2,FALSE
OR,80,no,203.7,92,2,FALSE
OH,83,no,191.3,95,2,FALSE
NC,109,yes,209.1,141,2,FALSE
KY,66,no,88.8,104,3,FALSE
ID,104,no,97.2,88,0,FALSE
WA,89,no,137.9,96,1,FALSE
WV,127,no,224.3,112,2,FALSE
RI,117,no,207.6,65,1,FALSE
KS,128,no,268.1,95,2,FALSE
NV,88,no,166.7,61,4,TRUE
NE,61,no,267.1,104,1,TRUE
FL,22,no,181.8,108,2,FALSE
WY,78,no,147.1,80,0,FALSE
WA,56,no,37.7,115,1,FALSE
CO,192,no,185,88,2,FALSE
WI,70,no,156.4,108,2,FALSE
KS,148,no,239.3,84,1,FALSE
RI,65,no,215.5,129,2,FALSE
MT,119,no,134.9,70,1,FALSE
CO,80,no,194.8,116,0,FALSE
CT,152,no,239.1,105,5,FALSE
FL,113,no,92.6,85,3,FALSE
VT,75,no,209.4,133,1,FALSE
OH,80,no,197.6,83,1,FALSE
NH,148,no,17.6,121,1,FALSE
RI,63,yes,62.9,112,1,FALSE
FL,97,no,202.3,97,1,FALSE
MD,166,no,136.1,116,0,FALSE
WY,94,no,207,109,1,FALSE
FL,85,no,207.9,95,1,FALSE
TN,80,yes,276.5,122,1,TRUE
NC,210,no,313.8,87,3,FALSE
IN,88,yes,288.5,114,1,FALSE
IA,100,no,210.9,85,4,FALSE
WV,154,no,64.9,76,1,FALSE
UT,32,no,243.5,137,1,FALSE
GA,18,no,197,97,3,FALSE
AK,126,no,278,88,0,FALSE
UT,144,no,219.9,102,1,FALSE
MS,29,no,313.2,103,2,TRUE
AR,86,no,145.7,88,0,FALSE
AK,138,no,75.8,102,0,FALSE
AK,146,no,195.9,86,3,FALSE
ME,175,no,132,95,1,FALSE
WV,74,no,124,102,2,FALSE
CT,48,no,171.9,98,2,FALSE
GA,74,no,249.4,70,4,FALSE
NV,105,yes,228.4,100,0,FALSE
VT,157,no,168.6,71,3,FALSE
DC,217,no,123.7,138,0,FALSE
TN,68,no,178.7,61,1,FALSE
OR,80,no,113.2,86,1,FALSE
MS,38,no,142.4,106,2,FALSE
NC,107,no,204.2,57,0,FALSE
CO,140,no,149.7,71,3,FALSE
AR,98,no,227.1,116,5,TRUE
PA,114,no,155.3,75,2,FALSE
MN,46,no,156.4,105,1,FALSE
NM,118,no,148.7,105,0,FALSE
UT,37,no,271.7,112,3,FALSE
NE,34,no,193.7,74,0,FALSE
MS,98,yes,245.5,54,1,FALSE
NV,113,no,245.3,108,3,TRUE
OR,69,no,196.1,87,0,FALSE
VA,121,no,134.1,112,2,FALSE
NJ,59,yes,225,78,1,FALSE
WV,59,no,189.7,100,0,FALSE
OR,190,no,142.9,96,0,FALSE
KY,109,no,175.6,80,1,FALSE
MO,136,no,92.4,109,2,FALSE
TX,86,no,92.8,92,1,FALSE
MN,100,no,221.7,100,0,FALSE
FL,106,no,159.6,94,0,FALSE
PA,104,no,144.5,107,2,FALSE
WV,129,no,159.1,100,2,FALSE
IN,205,no,49.9,123,2,FALSE
OK,93,no,116.9,120,0,FALSE
NE,123,no,150,98,3,FALSE
DE,99,no,254.4,120,1,FALSE
MI,61,no,270.7,53,3,FALSE
IL,71,no,207,112,1,FALSE
UT,4,yes,145.3,89,0,FALSE
IL,148,no,230.7,102,3,FALSE
WA,141,no,151.5,104,1,FALSE
NM,56,no,146.1,57,0,FALSE
MD,160,no,256,111,3,FALSE
VA,43,no,200.2,105,3,FALSE
MT,42,no,150.7,52,2,FALSE
CT,135,yes,186,107,1,FALSE
AL,106,no,212.9,110,3,FALSE
WV,106,no,194.8,133,0,FALSE
MO,83,no,272.5,105,3,FALSE
ND,110,no,135.1,109,1,FALSE
AR,153,no,154.6,56,1,FALSE
GA,109,no,230.5,116,5,FALSE
FL,31,no,165.4,84,1,FALSE
LA,124,no,143.3,120,4,TRUE
UT,110,no,271.1,108,2,TRUE
AZ,124,no,253.5,104,0,FALSE
NY,82,no,167.1,77,6,TRUE
KY,122,no,168.3,96,1,FALSE
AL,137,no,104.7,115,1,FALSE
IN,69,no,135.4,101,1,FALSE
IN,46,no,191.4,102,1,FALSE
FL,103,no,158.7,90,1,FALSE
NM,16,no,144.8,84,2,FALSE
AL,119,no,98.8,97,3,FALSE
MN,124,yes,157.8,71,3,TRUE
NY,122,no,163,107,1,FALSE
MD,139,no,181.6,119,4,FALSE
KS,67,no,129,78,2,FALSE
WV,84,no,86,83,1,FALSE
ID,101,no,193.9,71,0,FALSE
LA,40,no,109.4,107,0,FALSE
MI,61,no,188.9,105,2,FALSE
TN,120,yes,179.9,72,1,TRUE
CA,95,no,183.4,98,1,FALSE
FL,98,no,288.1,101,0,FALSE
LA,114,no,169.2,96,2,FALSE
IL,68,yes,195.5,113,1,TRUE
AL,149,no,264.4,102,2,FALSE
CT,22,no,207.7,116,0,FALSE
PA,176,no,169.5,151,0,FALSE
TX,152,no,141.5,102,2,FALSE
VA,118,no,154.8,71,0,FALSE
MO,101,yes,133.5,51,1,FALSE
MT,102,no,273.2,85,2,TRUE
ND,118,no,224.6,94,2,FALSE
FL,105,no,273.8,97,2,TRUE
WI,153,no,159.5,103,1,TRUE
KY,71,no,104,92,0,FALSE
MD,71,no,115.4,90,1,FALSE
IN,68,no,222.1,107,2,FALSE
MA,66,no,116.4,98,3,FALSE
ND,101,no,217.7,118,3,FALSE
VT,116,no,129.4,84,0,FALSE
CT,54,no,161.8,73,0,FALSE
VA,112,no,198.8,122,1,FALSE
MS,122,no,147.8,85,1,FALSE
AK,74,no,262.3,114,3,FALSE
WY,90,no,246.4,83,1,FALSE
NY,112,no,174.3,123,4,TRUE
NC,85,no,183.4,111,4,FALSE
IL,100,no,191.9,95,1,FALSE
OH,114,no,187.8,109,2,FALSE
RI,83,no,259.7,106,0,FALSE
WY,157,yes,180.4,123,0,FALSE
OR,51,no,51.8,107,2,FALSE
NV,42,no,303.9,106,1,TRUE
ND,101,no,123.7,125,1,TRUE
OR,112,no,206.2,122,3,FALSE
ND,56,no,164.3,92,2,FALSE
NJ,53,no,228.6,117,9,TRUE
WV,64,no,200.4,80,1,FALSE
VA,123,no,154.3,107,0,FALSE
ID,68,no,122.9,93,2,FALSE
CT,40,yes,220.8,100,0,FALSE
NM,132,no,214.6,78,0,FALSE
CT,120,yes,202,123,2,TRUE
MI,108,no,209.5,108,6,TRUE
SC,161,no,297.9,141,1,TRUE
SC,130,no,212.8,102,0,TRUE
NY,122,no,145.6,102,0,FALSE
MT,130,no,152.9,87,2,FALSE
WY,90,no,125.4,158,1,FALSE
NE,139,no,138.3,96,0,FALSE
IN,57,no,189.3,157,3,FALSE
CO,128,no,199.3,86,4,FALSE
WY,127,yes,247.5,99,2,FALSE
MD,107,no,294.9,71,1,TRUE
OK,177,no,175.4,99,1,FALSE
SD,121,no,179.4,70,1,FALSE
SC,99,yes,126.8,94,0,FALSE
NY,126,yes,239.7,87,1,TRUE
NY,77,no,143,101,5,TRUE
WV,21,no,91.9,109,2,FALSE
WA,56,no,210.4,80,1,FALSE
ID,92,no,201.3,130,1,TRUE
MN,81,no,145.6,59,2,FALSE
TX,139,yes,203.5,82,1,TRUE
AZ,68,no,232.4,76,1,FALSE
DE,183,no,86.5,119,2,FALSE
CO,90,no,109.9,102,0,FALSE
WI,165,no,156,88,1,FALSE
WI,89,no,326.3,112,1,TRUE
NJ,59,no,195,58,0,FALSE
IL,16,yes,110,91,0,FALSE
DC,114,no,147.1,119,5,TRUE
IA,113,no,156,141,2,FALSE
GA,120,no,98.2,99,2,FALSE
AK,115,no,210.6,120,0,FALSE
CA,37,no,239.9,120,2,TRUE
MN,100,yes,159.9,94,2,TRUE
CO,132,no,197.8,66,4,TRUE
KY,38,no,115.4,98,2,FALSE
SC,1,no,123.8,113,0,FALSE
MT,97,no,117.6,97,1,FALSE
KY,55,no,105.3,82,2,FALSE
WV,75,no,111.7,121,1,FALSE
ID,83,no,159.3,104,2,FALSE
MN,40,no,81.7,123,6,TRUE
MA,101,no,238,88,2,FALSE
MD,120,no,128.1,99,0,FALSE
SD,183,no,171.2,104,1,FALSE
PA,75,no,109,88,4,TRUE
KY,80,no,220,114,2,FALSE
ID,88,no,55.6,65,0,FALSE
NY,112,no,286.6,79,1,FALSE
NM,63,no,207.6,96,1,FALSE
CA,105,no,109.6,108,4,TRUE
ID,92,no,197.2,113,2,FALSE
WY,177,no,175.7,120,1,FALSE
NM,118,no,205.2,115,0,FALSE
HI,111,no,193.1,104,1,FALSE
ID,82,no,232.6,121,3,FALSE
NC,74,no,102.7,89,0,FALSE
TX,121,no,263.1,70,5,FALSE
GA,131,no,197,79,1,FALSE
AL,125,no,169.3,90,2,FALSE
ME,19,no,201.5,123,1,FALSE
VA,138,no,251,119,3,FALSE
ID,119,no,230.4,117,3,FALSE
NY,137,no,109.8,120,1,FALSE
NC,182,no,279.5,118,2,TRUE
OH,135,no,173.4,107,1,FALSE
HI,134,no,214.4,93,1,FALSE
DC,45,no,96.1,103,1,FALSE
TN,129,no,101.4,145,1,FALSE
VT,142,no,232.5,74,4,FALSE
MD,130,no,174.5,120,1,FALSE
LA,163,no,224,126,1,FALSE
HI,105,no,211.1,99,4,FALSE
FL,119,no,109.2,96,2,FALSE
WY,78,no,220,95,0,FALSE
NE,92,no,181.4,98,2,FALSE
WY,146,no,180.7,82,2,FALSE
OR,125,no,96.5,109,1,FALSE
IN,88,no,183.5,93,3,FALSE
MD,83,no,107.9,90,0,FALSE
TN,3,yes,161,96,1,FALSE
WV,152,yes,146.8,128,1,TRUE
WA,48,no,149.2,146,3,FALSE
MS,189,no,227.8,124,3,FALSE
OH,95,no,160.3,87,0,FALSE
IN,129,no,137.8,120,1,TRUE
CO,66,no,141.7,87,0,FALSE
TX,80,no,196.4,115,0,FALSE
AK,1,no,175.2,74,1,FALSE
WV,84,no,146.8,133,1,FALSE
MA,96,no,173.9,111,1,FALSE
TN,123,no,305.2,80,1,FALSE
ID,116,yes,162.3,91,3,TRUE
DE,105,yes,150,106,3,FALSE
VA,80,no,197.5,114,1,FALSE
MT,157,no,240.2,67,2,FALSE
ID,67,no,186.2,117,2,FALSE
IN,141,no,116.9,127,0,FALSE
MD,79,no,236.7,95,1,FALSE
MS,76,no,173.2,93,0,FALSE
WA,111,no,152.2,114,0,FALSE
OH,94,no,181.3,135,0,FALSE
RI,143,no,167.8,72,4,TRUE
AR,109,no,175.4,125,1,FALSE
AZ,138,no,87.6,112,2,FALSE
SC,73,no,203.3,45,0,FALSE
KY,21,no,92.6,95,5,TRUE
AL,148,no,262.9,135,1,FALSE
NE,103,no,160.8,91,1,FALSE
MT,143,no,141.8,116,1,FALSE
MN,79,no,50.6,62,2,FALSE
NV,89,no,134.9,59,1,FALSE
CA,120,no,252.1,110,1,FALSE
UT,121,no,215.5,95,1,FALSE
IL,101,no,124.8,66,0,FALSE
DC,115,no,178.7,114,2,FALSE
IN,168,no,183.2,131,2,FALSE
NM,90,no,167.5,96,1,FALSE
MS,70,no,147.1,105,3,FALSE
VT,138,no,230.1,107,1,FALSE
VT,43,no,135.8,125,0,FALSE
UT,117,no,205.7,98,2,FALSE
KY,108,no,73.8,105,2,FALSE
VA,118,no,189.3,119,2,FALSE
OH,169,no,147.2,115,3,FALSE
AZ,62,no,137.3,95,0,FALSE
NY,86,no,70.7,125,2,FALSE
VA,44,no,204.6,117,0,FALSE
MD,111,no,123.1,88,5,TRUE
MA,127,no,129.7,115,2,FALSE
IL,151,yes,198.7,70,0,FALSE
LA,53,no,145.1,116,2,FALSE
MO,15,no,135.2,101,2,FALSE
DC,123,no,124.7,105,1,FALSE
PA,137,no,215.9,76,1,FALSE
TN,106,no,119.2,142,2,FALSE
NJ,88,no,144.3,116,3,FALSE
VA,106,no,235.2,121,1,FALSE
TN,95,no,174,57,0,FALSE
NJ,57,yes,115,65,0,TRUE
WA,184,no,151.7,93,2,FALSE
AR,109,no,153.1,102,3,FALSE
WI,127,no,218.6,93,2,FALSE
WA,82,no,265.2,122,2,FALSE
RI,180,no,143.3,134,1,FALSE
ME,174,no,190.3,98,2,FALSE
CO,92,no,184.7,60,2,TRUE
CO,81,no,115.3,99,1,FALSE
RI,125,no,113,108,2,TRUE
CT,119,no,294.2,100,0,TRUE
NC,122,no,215.6,86,3,FALSE
WY,34,no,128.8,80,1,FALSE
OR,138,yes,211.2,117,3,TRUE
FL,90,no,71.2,82,1,FALSE
KY,73,no,94.9,121,2,FALSE
SC,19,no,259.4,116,1,TRUE
WA,120,no,215.8,123,1,FALSE
MT,160,no,97.5,113,3,FALSE
PA,141,no,146.5,121,0,FALSE
MA,90,no,157.9,72,2,FALSE
VT,72,no,139.9,117,2,FALSE
MN,117,no,153.2,112,1,FALSE
IL,79,yes,103.5,134,2,FALSE
AR,87,no,185.8,119,1,FALSE
MD,102,no,129.5,56,1,FALSE
MT,49,no,236.6,91,1,FALSE
VT,67,no,260.4,107,6,FALSE
CO,107,no,167.3,100,2,FALSE
NC,190,no,182.2,101,2,FALSE
WA,118,no,113,80,2,FALSE
TN,120,no,185.7,133,0,FALSE
AR,94,no,136.2,114,0,FALSE
DC,115,no,222.6,81,1,FALSE
MN,61,no,197.3,67,1,FALSE
IA,143,no,141.4,130,1,FALSE
KS,110,no,208,69,1,FALSE
ND,104,no,118.5,92,1,FALSE
MT,16,no,153.2,65,1,FALSE
IL,183,no,108.3,87,0,FALSE
DC,147,no,168.6,92,2,FALSE
KY,58,no,247.2,116,2,TRUE
MS,102,yes,224.2,81,3,FALSE
TN,123,no,166.9,98,3,FALSE
IA,64,no,118.4,100,1,FALSE
AK,103,no,190.9,62,2,FALSE
MN,152,no,317.8,60,1,TRUE
WV,124,no,312,112,1,TRUE
OR,97,no,146,121,1,FALSE
MS,131,no,131.6,95,1,TRUE
ME,57,no,193.4,105,2,FALSE
MN,157,no,185.1,92,2,FALSE
GA,194,no,193.3,106,0,FALSE
DC,66,no,146.4,107,1,FALSE
GA,155,no,71.2,90,0,FALSE
NY,123,no,123.2,104,4,TRUE
OK,116,no,205,90,2,FALSE
OK,63,no,128.7,78,1,FALSE
GA,64,no,216.9,78,3,FALSE
NJ,96,no,150,122,3,FALSE
MN,53,no,164.1,106,1,FALSE
ME,105,no,212,113,3,FALSE
MI,53,no,167.3,99,2,FALSE
MT,101,no,154.4,130,1,FALSE
NE,129,no,177.3,95,3,FALSE
ND,122,no,231.2,141,1,TRUE
VA,163,no,202.9,100,5,FALSE
VT,93,no,149.6,120,0,FALSE
OH,115,yes,345.3,81,1,TRUE
AL,25,no,264.9,80,1,TRUE
DC,73,no,122,92,1,FALSE
ND,120,no,177.2,88,2,FALSE
TN,196,no,133.1,80,1,FALSE
DE,97,no,225.1,90,0,TRUE
NY,148,no,208.4,120,1,FALSE
AL,85,no,173.1,107,1,FALSE
OK,86,yes,162.4,131,2,TRUE
MS,78,no,281.2,93,2,FALSE
MD,106,no,208.3,89,3,FALSE
NE,147,no,243.4,126,2,FALSE
AR,145,no,224.2,89,1,TRUE
IL,91,no,189.3,100,3,FALSE
IN,81,no,168.3,124,4,FALSE
UT,116,no,232.9,90,1,FALSE
LA,69,no,155,98,1,FALSE
ID,135,no,154.4,130,0,FALSE
KY,73,no,234.7,102,2,FALSE
MI,48,no,240,88,1,FALSE
NH,125,yes,298.4,78,0,TRUE
WV,100,no,166,102,1,FALSE
OR,165,no,111.6,140,0,FALSE
SD,64,no,174.5,98,2,FALSE
MD,116,yes,175.5,137,1,FALSE
ND,147,yes,157.5,109,3,TRUE
TN,115,no,206.2,113,1,FALSE
MO,84,no,207.5,138,4,FALSE
IL,86,no,144.8,105,4,FALSE
UT,134,no,258.8,85,2,FALSE
MI,105,no,226.9,106,0,TRUE
AR,88,no,152.9,119,2,FALSE
TX,90,no,156.7,51,2,FALSE
AK,86,no,150.8,85,1,FALSE
TN,37,no,221,126,4,FALSE
NH,141,no,322.4,92,1,TRUE
NM,148,no,153.6,148,2,FALSE
MN,163,no,215.1,91,2,FALSE
IA,89,no,174.4,108,1,FALSE
RI,63,no,180.5,126,0,FALSE
AL,102,no,123.1,106,2,FALSE
NC,76,no,165.7,94,1,FALSE
SD,104,no,200.2,92,2,FALSE
MT,109,no,154.8,82,3,FALSE
HI,105,no,125.4,116,2,FALSE
MT,63,no,184.2,111,1,FALSE
KY,105,no,274.7,99,3,FALSE
DC,68,yes,142,140,1,FALSE
CO,63,yes,151.5,99,1,FALSE
MI,74,no,124.8,114,3,FALSE
AL,76,no,179.2,85,0,FALSE
KS,91,yes,246.4,110,2,TRUE
NC,101,no,232.7,114,5,FALSE
SC,116,no,288,120,0,TRUE
CO,131,no,170.8,145,1,FALSE
MN,84,no,216.1,114,1,FALSE
WY,104,no,138.7,100,2,FALSE
FL,108,no,210.7,112,3,FALSE
NY,111,no,181.8,117,0,FALSE
OK,155,no,61.6,103,1,FALSE
ME,66,no,207.7,85,1,FALSE
NE,64,no,219.2,73,1,FALSE
OH,69,no,227,122,2,FALSE
CT,116,no,245.9,73,3,FALSE
DC,101,no,257.3,84,0,FALSE
OK,15,no,121.1,130,2,FALSE
NJ,88,no,301.5,136,4,TRUE
IA,197,no,233.9,96,0,FALSE
VA,50,yes,99.6,108,2,TRUE
VA,172,no,169.8,123,2,FALSE
NM,188,yes,198.8,115,1,TRUE
FL,85,yes,116.2,86,3,FALSE
RI,103,yes,255.9,128,1,TRUE
NJ,136,no,187.7,84,3,FALSE
NE,155,no,195.9,91,0,FALSE
WV,145,no,129.4,97,2,FALSE
WY,116,no,221,108,2,FALSE
SC,152,no,140.5,92,2,FALSE
MS,65,yes,277.9,123,0,TRUE
ND,180,no,224.9,105,3,TRUE
IL,67,no,109.1,117,0,FALSE
OR,60,no,207.8,109,0,FALSE
UT,138,no,205.9,96,0,FALSE
IA,44,no,308.6,139,4,TRUE
ME,25,no,242.6,69,2,FALSE
WY,145,no,229.6,82,1,FALSE
WI,122,no,166,62,2,FALSE
SC,121,no,144.8,126,0,TRUE
DC,55,yes,106.1,77,0,FALSE
CT,77,no,221.8,84,1,FALSE
OR,12,no,204.6,98,2,FALSE
OR,64,no,213.5,93,3,FALSE
NV,92,no,152,95,2,FALSE
MN,125,yes,260.8,81,1,TRUE
OK,160,no,166.4,117,1,FALSE
KS,79,no,177.9,83,0,FALSE
RI,36,no,235.1,97,3,FALSE
DC,102,no,186.8,92,2,FALSE
IL,138,yes,268.4,81,1,FALSE
UT,164,no,192.1,95,3,FALSE
MN,125,no,240.7,82,0,TRUE
WI,72,no,179.9,113,2,FALSE
MI,74,no,314.1,86,3,TRUE
MI,134,no,162,82,0,FALSE
MA,145,no,175.8,89,1,FALSE
AL,136,no,109.4,91,0,FALSE
SC,209,no,255.1,124,3,TRUE
WI,66,yes,208.7,84,3,FALSE
VT,152,no,214.6,108,1,FALSE
CT,162,no,49.2,121,1,FALSE
OR,72,no,141.3,133,2,FALSE
HI,101,no,253.2,89,4,FALSE
WV,125,no,206,128,0,FALSE
RI,46,no,40.4,105,2,FALSE
MI,132,no,291.2,104,1,TRUE
ME,193,no,71.2,58,0,FALSE
WV,63,no,261.8,69,0,TRUE
NE,124,no,191.3,134,1,FALSE
DC,144,no,133.3,101,0,FALSE
NH,116,no,183.6,138,2,FALSE
MD,189,no,155.2,116,1,FALSE
NH,97,no,283.1,93,1,FALSE
WV,137,no,186.5,94,2,FALSE
IL,142,no,163.3,104,0,FALSE
OK,84,no,203.4,125,1,FALSE
NH,119,no,178.1,110,1,FALSE
MI,158,no,195.9,103,1,FALSE
ND,50,no,295.3,127,1,FALSE
LA,98,no,136.1,82,2,FALSE
HI,101,no,114.1,95,2,FALSE
NJ,182,no,279.1,124,2,TRUE
WV,51,no,169.3,111,0,FALSE
NC,117,no,214.4,94,2,FALSE
PA,92,yes,255.8,125,0,FALSE
MI,86,no,148.2,71,2,FALSE
WY,122,no,119.3,93,2,FALSE
NJ,156,no,192.3,137,1,FALSE
NJ,127,no,245.2,91,0,TRUE
NC,130,yes,216.2,106,5,TRUE
NM,158,no,172.4,114,2,FALSE
MS,145,yes,175.3,107,1,FALSE
TX,90,yes,169,104,0,TRUE
OK,127,no,2.6,113,3,FALSE
ID,109,no,184.1,143,1,FALSE
AL,88,no,181.9,90,1,FALSE
WY,101,no,160.1,116,0,FALSE
HI,171,no,189.8,122,0,FALSE
VA,21,no,223.2,142,1,FALSE
WV,145,no,216,94,2,FALSE
DE,90,no,198.5,124,2,FALSE
CA,33,no,159.5,115,1,FALSE
PA,61,no,105,78,2,TRUE
CO,107,no,204.5,108,3,FALSE
MD,147,no,274,92,0,TRUE
AL,117,no,158.7,84,2,FALSE
AL,95,no,229.9,116,1,FALSE
KS,186,no,137.8,97,1,FALSE
MI,128,no,179.4,94,0,FALSE
AK,55,no,139.3,101,3,FALSE
OH,134,no,7.8,86,2,FALSE
IN,96,no,183.1,88,1,FALSE
SC,107,no,206.9,79,0,FALSE
KS,123,no,140,106,2,FALSE
OK,35,no,179.2,59,2,FALSE
WI,74,no,177.4,136,0,FALSE
IN,130,no,115.6,129,1,FALSE
IL,137,yes,237.3,103,0,TRUE
TN,88,no,181.5,116,1,FALSE
DC,80,no,51.5,90,3,FALSE
NC,116,no,155.7,104,3,FALSE
RI,123,no,245,88,2,FALSE
MS,120,no,131.7,99,1,FALSE
VA,146,yes,111.1,126,1,FALSE
KY,106,no,88.5,100,3,FALSE
NV,121,no,116,85,1,FALSE
WI,137,no,155.5,81,1,FALSE
NH,84,no,106.5,65,2,FALSE
NE,67,no,175.2,68,1,FALSE
WI,161,no,154.7,84,4,TRUE
NJ,134,no,247.2,105,2,TRUE
ME,62,yes,218.4,93,0,TRUE
WY,120,no,227.5,81,1,FALSE
IN,130,no,185,117,0,FALSE
WI,20,no,186.8,89,2,FALSE
VT,68,no,158.8,119,1,FALSE
CA,112,no,208.7,150,0,FALSE
IN,77,no,185.9,95,3,FALSE
SC,109,no,222.5,74,2,FALSE
IN,108,no,201.1,101,3,FALSE
IA,79,no,167.9,114,1,FALSE
MD,119,no,239.1,88,3,TRUE
MN,38,no,175.7,109,5,TRUE
AR,109,no,111.2,90,6,TRUE
MS,78,no,87.7,74,1,FALSE
MN,134,no,244.1,99,0,FALSE
WA,47,no,165,89,2,FALSE
MS,59,no,127.4,110,0,FALSE
ID,151,no,194.8,106,0,FALSE
NC,129,no,54.7,131,1,FALSE
VA,107,no,283.4,104,2,FALSE
MT,137,yes,258,112,0,TRUE
MI,76,no,90.5,142,1,FALSE
HI,24,no,235.6,132,0,FALSE
NC,169,no,142.5,82,2,FALSE
MN,30,no,54,68,1,FALSE
WV,70,no,214.8,87,3,FALSE
SD,52,yes,251.4,118,0,TRUE
HI,3,no,139,99,4,FALSE
MS,38,no,117.3,114,2,FALSE
NY,104,no,264,108,3,FALSE
LA,27,no,82.6,105,1,FALSE
KS,166,yes,175.8,126,1,FALSE
MA,13,no,220.4,100,2,FALSE
AK,52,no,217,104,2,FALSE
SD,114,no,129,77,1,FALSE
CO,156,no,150.5,106,1,FALSE
NH,90,no,193.3,66,0,FALSE
WV,62,no,189.5,122,2,FALSE
AZ,82,no,137.8,95,2,FALSE
ME,52,no,129.3,80,3,FALSE
NH,146,no,115.6,77,1,FALSE
RI,120,no,221.9,114,2,FALSE
ID,130,no,263.7,113,1,TRUE
WI,90,no,61.3,91,1,FALSE
NM,147,yes,183.8,113,1,FALSE
WY,159,no,167.4,68,0,TRUE
IL,74,no,154.1,122,4,FALSE
TX,130,no,252,101,0,FALSE
RI,155,yes,163.1,94,0,FALSE
MI,87,no,198.3,80,2,FALSE
OR,81,no,324.7,48,0,TRUE
VA,99,no,128.3,78,2,FALSE
SD,131,no,187.9,110,2,FALSE
AL,89,no,129.2,71,5,TRUE
MS,123,yes,125.5,106,4,TRUE
MS,130,no,257.2,108,1,FALSE
HI,99,no,124.6,90,1,FALSE
WV,36,no,175.1,144,1,FALSE
WV,87,no,124.3,91,3,FALSE
WV,139,no,271.6,130,2,FALSE
IN,189,no,219.9,80,1,FALSE
NM,96,no,183.3,115,3,FALSE
DE,112,no,101.1,119,2,FALSE
NC,75,no,203.3,70,1,FALSE
NM,178,no,175.4,88,2,FALSE
SC,112,no,266,97,2,TRUE
NJ,108,no,171.6,110,0,FALSE
AZ,100,no,78.7,98,0,FALSE
RI,121,no,211.9,110,0,FALSE
SD,116,no,63.7,101,1,FALSE
NH,161,no,173.4,100,1,FALSE
AL,19,yes,237.7,98,0,FALSE
WV,104,no,225.9,123,1,FALSE
ID,119,yes,173,101,0,FALSE
MD,125,no,224.9,102,0,FALSE
IN,156,no,237.7,122,1,FALSE
WY,109,no,137,128,2,FALSE
NH,95,no,142.5,109,2,FALSE
MN,90,no,142.4,126,1,FALSE
MA,105,no,147,112,2,FALSE
NH,101,no,220.3,124,1,FALSE
MN,95,no,149.2,96,1,FALSE
IA,123,no,204.4,88,0,FALSE
NY,160,no,216.8,77,1,FALSE
AL,141,no,308,123,1,FALSE
WV,87,no,58,125,0,FALSE
NM,81,no,173.2,80,2,FALSE
CA,75,no,210.3,90,4,FALSE
MA,126,no,58.9,125,0,FALSE
ME,28,no,236.8,102,3,FALSE
FL,153,no,228.9,102,0,FALSE
NH,97,no,90,87,2,TRUE
IN,115,no,146.7,128,2,FALSE
WI,95,no,237.3,83,1,FALSE
MA,17,yes,162.8,118,0,TRUE
NH,105,no,186.9,114,1,FALSE
TX,121,no,86.1,100,2,FALSE
NC,125,no,212.3,89,2,FALSE
CT,124,no,151,98,2,FALSE
NJ,35,no,158.6,67,2,FALSE
WY,134,no,296,93,0,TRUE
LA,123,no,212.3,77,3,FALSE
NV,124,no,234.4,61,3,FALSE
WV,133,no,176.8,92,2,FALSE
AR,185,no,157.3,123,0,FALSE
SC,1,no,146.6,68,1,FALSE
KS,107,no,260.5,108,1,FALSE
NY,91,no,146.1,98,1,FALSE
MI,178,yes,124.5,134,2,TRUE
MA,123,no,209.4,49,1,FALSE
UT,170,no,285.7,44,1,TRUE
HI,135,no,190.9,44,1,FALSE
PA,85,no,144.4,88,1,FALSE
OR,134,no,208.8,130,2,FALSE
TN,148,no,77.6,141,1,FALSE
CT,93,no,271.1,101,1,TRUE
AZ,138,no,240.8,104,0,FALSE
OR,159,no,114.8,98,0,FALSE
DE,103,no,138.8,80,1,FALSE
MA,150,no,209.8,112,0,FALSE
CT,37,no,134.9,98,3,FALSE
AR,33,yes,164,99,0,FALSE
SD,55,no,245.5,130,1,FALSE
CT,134,no,80.3,94,0,FALSE
CT,107,no,90.7,90,2,FALSE
MA,80,no,190.3,115,1,FALSE
MS,78,no,108.6,108,1,TRUE
MT,85,no,89.8,88,4,TRUE
AK,61,no,252.4,106,2,FALSE
DE,97,no,183.4,94,5,FALSE
OH,136,yes,183.4,103,2,FALSE
MN,135,no,155.2,100,3,FALSE
CA,87,no,165.8,122,1,FALSE
OH,165,no,209.4,67,0,FALSE
NV,148,no,279.3,104,2,TRUE
SC,99,no,174.1,102,2,FALSE
WV,123,no,175.7,78,2,FALSE
NM,127,yes,256.5,87,1,FALSE
WY,151,no,170.2,89,0,FALSE
CA,185,no,139.6,92,1,FALSE
KS,65,no,208.8,119,4,FALSE
WY,58,no,210.1,126,4,FALSE
OK,104,no,113.6,87,2,FALSE
UT,44,no,202.6,89,0,FALSE
MA,58,no,174.4,112,4,FALSE
UT,108,no,210.6,117,0,FALSE
MN,132,no,121.5,88,1,FALSE
NE,80,no,127.8,67,2,FALSE
OH,162,no,135.2,98,2,FALSE
KY,110,no,99.4,62,2,FALSE
WA,96,no,276.9,105,1,TRUE
NY,168,no,163.4,134,2,TRUE
IN,72,no,287.4,116,4,TRUE
CO,125,no,120.5,104,1,FALSE
DC,170,no,184.1,106,2,FALSE
AK,71,no,185,84,3,FALSE
SC,124,no,160.9,109,1,FALSE
KS,68,no,207.6,68,2,FALSE
UT,97,no,209.2,134,1,FALSE
IL,98,yes,158.4,71,1,FALSE
DC,24,no,149,73,2,TRUE
DC,136,no,204.5,63,0,FALSE
OK,44,no,288.8,86,0,TRUE
KY,96,no,108.6,90,0,FALSE
NE,31,no,97.5,129,1,FALSE
AL,72,no,166.5,102,0,FALSE
HI,24,no,156.2,104,1,FALSE
SC,112,no,225.2,89,4,FALSE
GA,117,yes,287.4,118,1,TRUE
KS,137,no,175.3,96,0,FALSE
PA,136,no,102.1,75,0,FALSE
UT,95,no,157.9,103,0,FALSE
OR,82,no,146.5,73,1,FALSE
ND,145,no,245.8,116,1,TRUE
KY,56,yes,177.7,114,1,FALSE
MN,155,yes,250.8,146,2,FALSE
OH,133,no,117.8,100,0,TRUE
TX,53,no,119.7,113,2,FALSE
WY,123,no,242.2,87,5,TRUE
GA,136,no,163.4,83,7,FALSE
TX,57,no,161,113,3,FALSE
WV,62,no,128.7,111,1,FALSE
NM,112,no,81.6,94,1,FALSE
MI,55,no,207.7,91,1,FALSE
NC,95,no,128.6,115,6,TRUE
NY,125,no,233.3,65,1,FALSE
TX,1,no,182.1,106,5,TRUE
KY,98,no,168,81,6,TRUE
SD,105,no,251.6,88,1,FALSE
ID,113,no,183.8,102,0,FALSE
OR,99,no,256.4,44,3,TRUE
WI,103,no,180.2,134,1,FALSE
WV,177,no,227.8,81,1,FALSE
SC,149,no,147.8,132,0,FALSE
CT,160,no,234.9,136,1,TRUE
NV,116,no,110.9,54,2,FALSE
ND,90,no,124.5,94,1,FALSE
MI,148,yes,233.5,81,0,TRUE
MT,147,no,197.3,134,2,TRUE
NE,95,no,58.2,96,0,FALSE
UT,201,no,212.7,72,1,FALSE
WV,80,no,151.5,89,0,FALSE
AR,122,yes,146.3,117,1,FALSE
MT,132,no,195.1,100,0,FALSE
UT,83,no,208.9,71,1,FALSE
HI,99,no,135.7,107,7,TRUE
KS,84,no,225.9,86,3,TRUE
NY,46,no,122.2,67,1,FALSE
OH,87,no,153.3,106,2,FALSE
HI,150,no,214,117,1,FALSE
KS,73,no,194.8,112,1,FALSE
IN,7,no,206.7,87,3,FALSE
OR,89,no,188,105,2,FALSE
NY,131,yes,122.3,83,3,TRUE
VA,105,no,259.3,96,3,FALSE
MI,108,yes,115.1,114,2,TRUE
ID,47,no,172.9,109,1,FALSE
MO,101,yes,156.4,116,1,FALSE
AL,182,no,128.1,104,1,FALSE
OR,161,no,196.6,73,1,FALSE
VT,128,no,227.9,130,1,TRUE
AZ,69,no,194.9,63,2,FALSE
VA,113,no,44.9,63,1,FALSE
PA,87,no,262.8,114,0,FALSE
CO,71,no,211.2,70,0,FALSE
KY,76,no,204,69,1,FALSE
NJ,87,no,223.2,109,3,FALSE
IL,117,no,119,82,1,FALSE
WA,177,no,266.1,91,3,TRUE
WV,95,no,134.4,104,1,FALSE
RI,76,no,171.1,78,1,FALSE
OH,66,no,170.5,103,2,FALSE
MO,110,no,178.5,124,1,FALSE
MD,204,no,205.2,145,3,FALSE
OH,32,no,232.8,97,0,FALSE
VA,133,no,239.9,107,5,FALSE
FL,185,no,55.6,97,2,FALSE
CO,103,no,153.5,78,1,FALSE
NY,91,no,109.8,100,1,FALSE
WV,131,no,196.1,89,2,FALSE
LA,153,no,166.8,127,0,FALSE
MA,132,no,113.2,96,2,FALSE
UT,148,no,203,92,1,FALSE
AL,141,no,242.8,90,5,FALSE
ME,105,no,156.5,102,2,FALSE
TX,169,no,266.7,105,3,TRUE
ND,127,no,182,80,1,FALSE
CO,57,no,85.9,92,0,FALSE
LA,123,no,146.6,87,0,FALSE
MT,103,no,110.5,101,4,TRUE
OR,101,no,118.6,89,1,FALSE
NH,123,no,197.6,105,2,FALSE
NE,78,no,210.3,116,6,FALSE
WV,101,no,220.3,96,4,FALSE
NV,129,no,150,98,1,FALSE
MA,67,no,161.7,114,0,FALSE
MI,37,no,191.4,116,3,FALSE
KY,64,yes,146.7,83,3,FALSE
WV,173,no,109.4,103,1,FALSE
KY,135,no,144.1,115,1,FALSE
NJ,75,no,248.9,93,1,FALSE
ME,88,no,85.7,112,4,TRUE
TX,112,no,214.8,112,3,FALSE
MN,113,no,158.9,137,0,FALSE
VA,121,no,110,94,2,FALSE
DC,70,no,152.8,145,1,FALSE
MD,90,no,145.6,103,0,FALSE
RI,39,no,93.3,83,0,FALSE
MA,142,no,216.8,134,0,FALSE
MD,176,no,201.9,101,1,FALSE
NM,105,no,146.4,81,1,FALSE
MN,57,no,272.7,74,2,TRUE
MI,110,no,18.9,92,1,FALSE
AZ,88,no,172.8,81,2,FALSE
AL,95,no,190.2,119,0,FALSE
MI,147,no,130.6,83,3,FALSE
SC,101,no,158.4,92,4,TRUE
MS,115,no,166.5,111,1,FALSE
MS,103,no,129.3,103,2,FALSE
CA,82,no,199.3,112,0,FALSE
MD,141,no,185.1,126,0,FALSE
ND,149,no,175.4,80,2,FALSE
IL,131,no,263.4,123,2,FALSE
SD,119,no,94.2,108,1,FALSE
AL,112,no,189.4,83,3,FALSE
NV,116,no,118,103,2,FALSE
LA,94,no,212.1,98,3,FALSE
VA,90,no,222,93,2,FALSE
DE,114,no,222.8,98,0,FALSE
CT,63,no,190,137,1,FALSE
CO,130,no,271.8,129,4,TRUE
MA,122,no,195.4,83,3,FALSE
OR,166,no,199.6,93,3,FALSE
WA,62,no,100,98,0,FALSE
SC,78,no,160.6,85,2,FALSE
IN,148,no,158.7,91,1,FALSE
MD,154,no,154.5,122,3,TRUE
NV,110,no,192.3,114,1,FALSE
TX,75,no,305.1,106,0,TRUE
ND,84,no,193,106,2,FALSE
WV,113,no,72.5,88,1,FALSE
CO,181,no,105.2,61,2,FALSE
TX,51,no,180.5,88,2,FALSE
FL,102,no,214.7,86,0,FALSE
AL,107,no,86.8,95,1,FALSE
WV,88,no,131.5,99,5,TRUE
MI,82,no,135.4,102,0,FALSE
NY,204,no,174.3,85,6,FALSE
MS,130,no,203.9,63,3,FALSE
MO,174,no,235.5,108,0,FALSE
AR,129,no,157,113,2,FALSE
MS,190,yes,111.9,55,3,FALSE
NY,54,yes,236.3,91,3,FALSE
SD,78,no,163.6,88,0,FALSE
AK,100,no,213.6,127,1,FALSE
WV,70,no,143.4,72,3,FALSE
SC,111,no,78.3,119,1,FALSE
VA,117,no,97.1,98,1,FALSE
MS,68,no,94.1,93,0,FALSE
SD,27,no,226.3,95,2,TRUE
MN,91,no,133.8,61,1,FALSE
AL,181,no,190.3,93,1,FALSE
CO,118,no,294.9,106,3,FALSE
ME,112,no,185.4,114,2,FALSE
GA,93,no,179.5,121,0,FALSE
AZ,102,no,158,94,0,FALSE
MA,93,no,173,131,0,FALSE
AZ,107,no,134.2,101,1,FALSE
IN,100,no,125.2,123,3,FALSE
DE,115,no,195.9,111,2,FALSE
WI,63,no,214.2,61,0,FALSE
ME,57,no,221.1,101,0,FALSE
DC,119,no,132,100,1,FALSE
GA,73,no,157.6,92,1,FALSE
HI,98,no,110.3,71,2,FALSE
VA,139,yes,161.5,121,0,FALSE
NY,31,no,171.8,116,1,FALSE
PA,129,no,211,99,1,FALSE
AR,115,no,139.3,89,7,TRUE
HI,108,no,291.6,99,2,TRUE
DE,139,no,139,110,0,FALSE
WV,102,no,234.8,125,4,FALSE
OK,149,no,187.6,83,1,FALSE
OR,113,no,159.8,143,2,FALSE
ND,131,no,177.1,100,1,FALSE
MO,83,no,117.9,101,0,FALSE
AR,96,no,247.6,95,2,FALSE
GA,98,no,169.9,77,1,FALSE
TN,3,no,185,120,3,FALSE
MA,77,no,204.9,84,0,FALSE
ND,75,no,225.5,119,3,FALSE
IA,40,no,169.7,115,4,TRUE
NJ,108,no,239.3,102,0,FALSE
MT,100,no,113.3,96,4,TRUE
AL,16,no,161.9,100,3,FALSE
NY,115,no,133.3,110,2,FALSE
PA,108,no,170.7,88,3,FALSE
VT,107,no,189.7,76,5,FALSE
NC,161,no,322.3,100,2,TRUE
CT,147,no,124.4,74,2,FALSE
MO,107,no,146.9,94,3,FALSE
WV,120,no,192.6,123,1,FALSE
NJ,107,no,96.3,83,1,FALSE
AK,58,no,131.9,96,3,FALSE
LA,91,no,147.2,121,2,FALSE
AL,13,no,143.1,139,2,FALSE
IN,104,no,280.4,127,5,FALSE
MA,93,no,237.2,85,1,FALSE
DE,95,no,184.2,95,2,FALSE
SC,104,no,109.1,141,3,FALSE
NH,35,no,138.1,115,5,TRUE
LA,62,no,186.8,94,3,FALSE
MS,143,no,155.4,112,1,FALSE
NM,62,no,245.3,91,4,FALSE
WA,60,yes,205.9,97,0,TRUE
SC,41,no,207.2,138,1,FALSE
MT,34,no,151.5,100,2,FALSE
ME,56,no,221.9,112,0,TRUE
NM,183,no,190,100,1,FALSE
AZ,94,no,220.8,111,2,FALSE
CT,73,no,173.7,117,2,FALSE
IL,123,no,114.8,94,2,FALSE
IN,64,no,113.8,97,3,FALSE
AR,127,yes,143.2,60,4,TRUE
RI,33,no,184.4,111,3,FALSE
ND,27,no,227.4,67,1,FALSE
NH,123,no,224,99,0,FALSE
NV,148,no,216.2,95,2,FALSE
UT,81,no,129.9,121,0,FALSE
NC,122,no,230.1,108,2,FALSE
MI,52,no,204.4,97,1,FALSE
WI,91,no,216.6,101,1,FALSE
AR,54,no,247.5,85,2,TRUE
NH,152,no,228.1,93,1,FALSE
TX,201,no,225.9,110,1,TRUE
ID,78,no,103.5,115,4,TRUE
CT,67,no,115.5,70,0,FALSE
NH,100,no,218.8,125,1,FALSE
WY,41,no,223.8,67,3,FALSE
OR,133,no,143.8,71,3,FALSE
SC,36,no,29.9,123,2,FALSE
MD,51,no,276.7,121,0,FALSE
NY,122,no,141.4,128,0,FALSE
NM,84,no,153.9,102,1,FALSE
LA,91,no,190.5,128,0,FALSE
UT,110,no,192.6,102,1,FALSE
AL,91,yes,151.8,115,1,FALSE
DE,121,no,215.6,74,5,FALSE
WV,109,no,180,100,3,FALSE
KY,95,no,157.3,116,2,FALSE
NC,72,no,196.5,88,0,FALSE
WV,73,no,240.3,130,0,FALSE
AZ,108,no,193.3,126,3,FALSE
WV,58,no,211.9,40,1,FALSE
ND,148,yes,218.7,111,1,FALSE
WA,76,yes,246.8,110,0,TRUE
ID,103,no,174.7,151,6,TRUE
CT,87,no,240,83,0,TRUE
OK,35,no,181.2,76,2,FALSE
IA,88,no,113.7,67,1,FALSE
NE,67,no,174.7,86,0,FALSE
ID,77,no,211.1,89,2,FALSE
OR,124,no,169.3,108,1,FALSE
SD,30,no,247.4,107,0,FALSE
DE,53,no,131.2,63,2,FALSE
WA,152,no,161.4,84,1,FALSE
CT,100,yes,107.2,98,1,FALSE
MN,59,no,211.9,120,1,FALSE
WA,143,no,160.4,120,3,FALSE
PA,142,no,230.7,101,1,FALSE
ID,105,no,232.6,96,1,FALSE
MS,111,no,294.7,90,1,TRUE
WA,143,no,133.4,107,1,FALSE
DC,93,no,306.2,123,0,FALSE
KY,79,no,236.8,135,2,FALSE
OH,68,yes,125.7,92,3,TRUE
TN,93,yes,168.4,114,1,FALSE
ID,103,no,70.9,134,2,FALSE
WV,144,no,105,86,0,FALSE
WI,93,no,152.1,141,1,FALSE
OK,149,yes,180.9,79,3,FALSE
WV,23,no,156.6,84,1,FALSE
SD,221,no,180.5,85,0,FALSE
KS,164,no,238.8,100,1,FALSE
NC,104,no,182.1,66,2,FALSE
NY,150,no,139.6,72,2,FALSE
WI,184,no,200.3,76,0,FALSE
SC,88,no,153.5,94,1,FALSE
UT,61,yes,128.2,119,3,FALSE
NC,110,no,159.5,145,2,FALSE
IN,115,no,226.4,101,3,TRUE
AR,33,no,251.9,81,2,FALSE
ME,100,no,264.5,117,2,TRUE
NY,209,no,153.7,105,0,FALSE
OR,27,no,232.1,81,5,FALSE
IL,117,no,201.9,86,1,FALSE
MA,87,no,186.9,79,1,FALSE
CT,129,no,196.6,89,1,FALSE
WI,142,no,232.1,102,1,FALSE
OK,112,no,166,79,0,FALSE
DE,75,no,200.6,96,1,FALSE
AZ,97,no,141,101,3,FALSE
AK,121,no,245,95,0,FALSE
MI,142,yes,140.8,140,1,FALSE
WA,121,no,255.1,93,3,TRUE
SD,87,no,125,99,2,FALSE
SD,34,no,180.6,65,1,FALSE
AK,177,yes,248.7,118,1,TRUE
MA,58,no,178.1,111,0,FALSE
AR,113,yes,122.2,112,5,TRUE
KS,101,no,231.3,87,1,FALSE
OR,89,no,111.2,101,3,FALSE
NC,77,yes,103.2,117,0,TRUE
OK,146,no,138.4,104,4,TRUE
NJ,93,no,146.3,85,0,FALSE
OH,160,no,206.3,66,0,FALSE
NM,55,no,132,103,0,FALSE
OH,88,no,274.6,105,2,FALSE
MI,63,no,185.3,87,0,FALSE
KS,127,no,154.8,69,1,FALSE
IL,57,no,179.2,105,1,FALSE
RI,138,yes,286.2,61,2,TRUE
AR,115,no,268,115,3,FALSE
NY,171,no,137.5,110,2,FALSE
WY,148,no,243,115,2,FALSE
NC,127,no,134.9,79,1,FALSE
OR,61,no,234.2,76,1,FALSE
VT,131,no,175.1,73,1,FALSE
SD,88,no,142.2,107,1,FALSE
DC,130,no,132.4,81,2,FALSE
RI,89,no,97.8,98,0,FALSE
ID,82,no,266.9,83,3,TRUE
OK,138,no,155.2,139,3,FALSE
MN,115,no,200.2,92,1,FALSE
WA,84,no,289.1,100,2,TRUE
WV,117,yes,198.4,121,1,FALSE
NH,60,no,180.3,67,2,FALSE
WI,62,no,86.3,84,2,FALSE
MD,133,no,295,141,2,TRUE
IN,131,no,240.9,108,3,FALSE
IN,65,no,207.7,109,1,FALSE
NY,120,no,128.5,115,1,FALSE
OR,142,no,224.4,114,1,FALSE
OK,134,no,164.9,115,2,FALSE
WI,87,no,238,97,2,FALSE
NJ,139,no,231,85,2,FALSE
AR,76,no,107.3,140,4,TRUE
UT,100,no,185,122,1,FALSE
DC,99,no,244.1,71,3,FALSE
AK,99,no,238.4,96,3,FALSE
AZ,48,no,141.1,109,1,FALSE
KS,57,no,158.1,117,0,FALSE
OH,106,no,220.1,105,0,FALSE
KS,170,no,199.5,119,4,TRUE
SC,78,no,109.5,105,1,FALSE
TN,39,no,187.2,110,1,FALSE
CA,127,no,107.9,128,0,FALSE
MI,119,yes,172.1,119,1,TRUE
IN,114,no,203.8,85,1,FALSE
RI,95,no,160,133,0,FALSE
MO,116,no,51.1,106,1,FALSE
TN,110,no,227.7,88,1,FALSE
CT,74,no,203.8,77,1,FALSE
ME,148,no,241.7,84,1,FALSE
MD,83,no,78.1,70,1,FALSE
NC,73,no,187.8,95,2,FALSE
SC,111,no,127.1,94,1,FALSE
CA,84,no,280,113,0,TRUE
LA,75,yes,153.2,78,1,FALSE
WI,114,no,137.1,88,2,FALSE
IL,71,yes,186.1,114,4,TRUE
IN,58,no,224.1,127,2,FALSE
AL,106,no,83.6,131,1,FALSE
OK,172,no,203.9,109,4,FALSE
IA,45,no,211.3,87,1,FALSE
VT,100,yes,219.4,112,4,FALSE
NY,94,no,190.4,91,2,FALSE
LA,128,no,147.7,94,2,FALSE
SC,181,no,229.9,130,2,FALSE
ID,127,no,102.8,128,1,FALSE
MO,89,no,178.7,81,1,FALSE
ME,149,no,148.5,106,0,FALSE
MS,103,no,164.1,111,0,FALSE
SD,163,yes,197.2,90,1,FALSE
OK,52,no,124.9,131,2,FALSE
WY,89,no,115.4,99,3,FALSE
GA,122,yes,140,101,4,TRUE
VT,60,no,193.9,118,3,FALSE
MD,62,no,321.1,105,4,TRUE
IN,117,no,118.4,126,5,TRUE
WV,159,no,169.8,114,1,FALSE
OH,78,no,193.4,99,2,FALSE
OH,96,no,106.6,128,1,FALSE
SC,79,no,134.7,98,2,FALSE
AZ,192,no,156.2,77,2,FALSE
WV,68,no,231.1,57,3,FALSE
RI,28,no,180.8,109,2,FALSE
CT,184,yes,213.8,105,2,FALSE
TN,74,no,234.4,113,0,FALSE